Curv,theta,xi,yi,sLap
-0.000543872713389904,-0.775529925795777,-7.44859640703598e-34,7.14976401104774e-34,0
0.000555312762114424,-0.775548369492622,0.142135117624211,-0.139411146865831,0.199092605035666
0.00278868556273341,-0.774192405918042,0.630979578846959,-0.618090001018595,0.883272684417258
0.00130347500268656,-0.772580503492889,1.12053376681705,-1.09604285559721,1.56745276379885
-7.6395095586336e-05,-0.772428321289351,1.26314203560615,-1.23497000274694,1.76654536883452
-0.00177966988185531,-0.772577877288096,1.40571905167103,-1.37392751038026,1.96563797387018
-0.00985186600601302,-0.776461076786484,1.89498671289257,-1.85217774909319,2.64981805325177
-0.0196049016292279,-0.786442110520828,2.38092052843488,-2.33380132698302,3.33399813263336
-0.022428736081535,-0.790656889343543,2.5212749807136,-2.47500772740095,3.53309073766903
-0.0251485669950273,-0.795382505460832,2.66100321563853,-2.61682632433383,3.7321833427047
-0.0328216676442243,-0.815408087939511,3.13518597415023,-3.11002782152395,4.41636342208629
-0.037082638371803,-0.839516197369144,3.5983573160791,-3.61355657130736,5.10054350146788
-0.0375277160042164,-0.846963498120401,3.73074460661549,-3.76226000330242,5.29963610650355
-0.0376548637674899,-0.854469743557946,3.86205511666798,-3.91191331076875,5.49872871153921
-0.0356030312879849,-0.879695371087518,4.30463708816718,-4.43363347712872,6.1829087909208
-0.0306601827029653,-0.902528187894102,4.73456482501386,-4.96584660732079,6.8670888703024
-0.0288599863958955,-0.908439226182987,4.85743917863134,-5.12249522400852,7.06618147533806
-0.0269796546326398,-0.914010158252378,4.97943061650623,-5.27983828471476,7.26527408037373
-0.0204701815540163,-0.930206273403822,5.392571867214,-5.82518146323674,7.94945415975532
-0.0145921421120584,-0.942164743905429,5.79800367412783,-6.37629718702482,8.63363423913691
-0.0131327661065798,-0.944910579541595,5.91485548280675,-6.53748861124179,8.83272684417258
-0.0117788541497085,-0.947385311348249,6.03127504526432,-6.69899568069966,9.03181944920824
-0.00806133495940713,-0.954100035468346,6.42873836200453,-7.25588172360796,9.71599952858983
-0.00561377895971743,-0.958705748772001,6.82304480965187,-7.81501078166737,10.4001796079714
-0.00510650912992048,-0.959774473367694,6.9373597927142,-7.97801319455932,10.5992722130071
-0.00466930824698386,-0.960742808676237,7.0514970656315,-8.14114065809309,10.7983648180428
-0.00359265344307418,-0.963544342012447,7.44265799624763,-8.70247391303644,11.4825448974244
-0.00295099755853993,-0.965758058377046,7.83241027752828,-9.26478656270568,12.1667249768059
-0.00280379595518692,-0.966334515704514,7.94560845088858,-9.42856695605671,12.3658175818416
-0.00266894874308534,-0.966879003770155,8.05871154644832,-9.59241310774289,12.5649101868773
-0.00222681465494899,-0.968552764976443,8.44675231958734,-10.1559080729317,13.2490902662589
-0.00180275806823243,-0.969930210980389,8.83393303004554,-10.7199944634198,13.9332703456405
-0.00167996252374404,-0.970277155577802,8.94646275048473,-10.8842348986388,14.1323629506761
-0.00156247626165799,-0.970600187316394,9.05893663720344,-11.0485136030493,14.3314555557118
-0.00120729617191691,-0.971542207494754,9.44508863181632,-11.6133046813876,15.0156356350934
-0.000948430784267612,-0.97227416883138,9.83076778894305,-12.1784188006052,15.699815714475
-0.000895154323576071,-0.972457161342149,9.94292645067098,-12.3429128656019,15.8989083195106
-0.00085102868976428,-0.972630398139643,10.0550545563919,-12.507427768892,16.0980009245463
-0.000771235408679745,-0.973180439966493,10.4401786844664,-13.0729202742426,16.7821810039279
-0.000777709994048702,-0.973705400197814,10.824998805856,-13.6386197050481,17.4663610833095
-0.000791096271205905,-0.973861915931622,10.9369242404536,-13.8032725586414,17.6654536883452
-0.000807201790401226,-0.974020643273608,11.0488231129356,-13.9679434644668,17.8645462933808
-0.000875076957303046,-0.974596181541693,11.4331568416424,-14.5339734603841,18.5487263727624
-0.000942119632656915,-0.975217873859789,11.8171516637702,-15.1002334176978,19.232906452144
-0.000957670157486936,-0.975407370568449,11.9288245985328,-15.2650576311208,19.4319990571797
-0.000970856611975578,-0.975599377078911,12.0404664946329,-15.4299028688952,19.6310916622153
-0.00098076406572439,-0.976270293652997,12.4238763170686,-15.9965590878804,20.3152717415969
-0.000933027415150701,-0.976928269235638,12.8069095435056,-16.5634699385292,20.9994518209785
-0.000907784466757674,-0.977111648418469,12.9183003756066,-16.728484930746,21.1985444260142
-0.000878817941985585,-0.977289775514832,13.0296617907007,-16.8935197789941,21.3976370310499
-0.000768396084485753,-0.977853395298526,13.4121406310324,-17.4608048048349,22.0818171104314
-0.000655794590325308,-0.978340721014998,13.794321330864,-18.0282907421336,22.765997189813
-0.000625374974446144,-0.978467985399878,13.9054839856247,-18.1934595313536,22.9650897948487
-0.000593878998641337,-0.978588153324671,14.01662697221,-18.3586415596774,23.1641823998844
-0.000468465383728848,-0.978957181762048,14.3984221410818,-18.9263869429086,23.848362479266
-0.000244638986280826,-0.979206738669735,14.7800416969098,-19.4942503924236,24.5325425586475
-0.000147534488785664,-0.979247258908067,14.8910676081326,-19.6595111316034,24.7316351636832
-3.0624082618639e-05,-0.979264567508482,15.0020919473125,-19.8247729218053,24.9307277687189
0.000569341881051958,-0.97910061247531,15.3836348185795,-20.3926879150559,25.6149078481005
0.00152596762752106,-0.978404162922234,15.7654219437056,-20.9604386717906,26.2990879274821
0.00188065122222043,-0.978066475176045,15.8766091187915,-21.1255909709818,26.4981805325177
0.00226857732071108,-0.977654066725097,15.9878635039724,-21.2906978560555,26.6972731375534
0.00386433194873679,-0.975579060005239,16.3708295302213,-21.8576542903102,27.381453216935
0.00586349713325687,-0.972274267024021,16.755318800227,-22.4235779110692,28.0656332963166
0.00652036360274377,-0.971042001065499,16.8675886812458,-22.5879962538124,28.2647259013522
0.00721003121308727,-0.969675971888561,16.980077305936,-22.7522642897632,28.4638185063879
0.00983968911651747,-0.963865652494818,17.3685738057595,-23.3154454377996,29.1479985857695
0.0128590709162786,-0.956122852884794,17.7608760593455,-23.8759785688732,29.8321786651511
0.0138085544575094,-0.953468503563668,17.8759018532107,-24.0384812601821,30.0312712701868
0.0147855720349299,-0.950624804255734,17.991376794382,-24.2006630438227,30.2303638752224
0.0183423458739573,-0.939302069128333,18.3920348883402,-24.7552566228909,30.914543954604
0.0220744353976926,-0.925485886443863,18.7996277398561,-25.3047647968342,31.5987240339856
0.0231683300982518,-0.920979888764549,18.9197258527326,-25.4635563103915,31.7978166390213
0.0242527904230862,-0.916262297392752,19.0405513993912,-25.6217913946505,31.9969092440569
0.0278266761012722,-0.898421922752511,19.4617918212747,-26.1609124306997,32.6810893234385
0.0309707123186993,-0.878283413944358,19.893186708508,-26.6919301496904,33.3652694028201
0.031768606336361,-0.872033733127287,20.0207818987332,-26.844763022577,33.5643620078558
0.032504253681876,-0.865636640046263,20.1493299337448,-26.9967918762065,33.7634546128915
0.0344841370811897,-0.842664823711706,20.598687735938,-27.5127009220437,34.447634692273
0.0354861186453917,-0.818672941073427,21.0600308129631,-28.0179134208522,35.1318147716546
0.0355698314341656,-0.81159580378992,21.196569031196,-28.1628112431292,35.3309073766903
0.0355554564320135,-0.804515109535985,21.3341150102945,-28.3067528311352,35.529999981726
0.0346851812961632,-0.780409524654383,21.8145038245848,-28.7938907606135,36.2141800611076
0.0324650451705008,-0.757361138683892,22.306246872625,-29.2695727212675,36.8983601404892
0.0315507628418072,-0.750985243704031,22.4513623408902,-29.405876996724,37.0974527455248
0.0305185299730601,-0.744801492857609,22.5973184702557,-29.5412857281981,37.2965453505605
0.0260693319769942,-0.72537363725417,23.1049446013586,-29.9999751685436,37.9807254299421
0.0203974442529677,-0.709408104266431,23.6206184316419,-30.4496193749535,38.6649055093237
0.0185500848989135,-0.705532568497141,23.7719396937942,-30.5789979504704,38.8639981143593
0.0166316987238204,-0.70202551568254,23.9237309679003,-30.7078305378499,39.063090719395
0.00959189270970967,-0.693027913940122,24.4482873942301,-31.1470748716944,39.7472707987766
0.00208252070453379,-0.68900744108379,24.9756974294381,-31.5829002883016,40.4314508781582
-0.000148909464602841,-0.688818474193245,25.1293911094629,-31.7094535975228,40.6305434831939
-0.00239250372289159,-0.689069735476727,25.2830789341062,-31.8360138538703,40.8296360882295
-0.0100781884957946,-0.693343859888185,25.8104151624926,-32.271928895873,41.5138161676111
-0.0176231240892794,-0.702828227825295,26.3347339197407,-32.7114560021933,42.1979962469927
-0.0197728855612894,-0.706552984792545,26.4864100969584,-32.8404243014192,42.3970888520284
-0.0219062455548278,-0.71070346299924,26.6375749532064,-32.9699836885733,42.596181457064
-0.0291028919133149,-0.728161175851727,27.1523839369253,-33.4206200893005,43.2803615364456
-0.0361593121823802,-0.750494720832548,27.6581098865112,-33.8813938388592,43.9645416158272
-0.038199188116304,-0.757895753791465,27.8032193866704,-34.0177114585676,44.1636342208629
-0.040238404545882,-0.765704845329127,27.9472813900013,-34.15512153212,44.3627268258985
-0.0472953052037881,-0.795641531025331,28.4335362626022,-34.6364132143124,45.0469069052801
-0.0544876885495375,-0.83045275485191,28.9039344210366,-35.1331644788067,45.7310869846617
-0.056617226771011,-0.841511538476488,29.0374252815898,-35.2808809405605,45.9301795896974
-0.0587571300554016,-0.852992445288079,29.1692341480123,-35.4300804880233,46.1292721947331
-0.0662164048575077,-0.895748363469206,29.6083209374026,-35.9547330499784,46.8134522741147
-0.0736104922170285,-0.943585468901745,30.0231729521411,-36.4986848164426,47.4976323534963
-0.0757069372063621,-0.958453833880943,30.1388253021289,-36.6607505002446,47.6967249585319
-0.0777482450189233,-0.973719802048804,30.2520280461605,-36.8245156471068,47.8958175635676
-0.0841323283102438,-1.02919051323044,30.6209947874313,-37.4005981781875,48.5799976429492
-0.0888856229406746,-1.08847121046737,30.9563043420217,-37.9968421387662,49.2641777223308
-0.0898397383126426,-1.10627716933877,31.0470689615997,-38.174048238627,49.4632703273664
-0.0905679591277798,-1.12423631978273,31.1346903589529,-38.3528221618115,49.6623629324021
-0.0910259402026427,-1.18655228139615,31.4106993569605,-38.978732341676,50.3465430117837
-0.0880725845888664,-1.24801460023451,31.6474844542216,-39.6205218822393,51.0307230911653
-0.0865265809449106,-1.26540465549509,31.7089565844104,-39.8098820458897,51.2298156962009
-0.0846939804982337,-1.28246340542977,31.7672172815988,-40.0002713996912,51.4289083012366
-0.0762163533744514,-1.33767001885328,31.9431826006046,-40.6613144083157,52.1130883806182
-0.0649185753484459,-1.3861116631442,32.0846933662358,-41.3306616383551,52.7972684599998
-0.0612058743002868,-1.39866043365715,32.1199843611744,-41.5265871397665,52.9963610650355
-0.0573532272475436,-1.41047627582722,32.1529193902357,-41.722947682908,53.1954536700711
-0.0433919927882526,-1.4449638912145,32.2499195220274,-42.4001565157955,53.8796337494527
-0.0290154454493833,-1.4697574337017,32.3268160156311,-43.0800075389958,54.5638138288343
-0.0248859231435878,-1.47511056060505,32.3463486192337,-43.2781295423457,54.76290643387
-0.0208067304336987,-1.47966349412342,32.3648938524953,-43.476358974755,54.9619990389056
-0.0074272710057226,-1.48924656926455,32.4233985855492,-44.1580256355371,55.6461791182872
0.0046280540163949,-1.49012865798363,32.478336506691,-44.83999944219,56.3303591976688
0.00782449045571167,-1.48888093388729,32.4945038653445,-45.0384336385132,56.5294518027045
0.0108731443270473,-1.48701958069496,32.5109504365637,-45.2368432203051,56.7285444077402
0.0200882358248023,-1.4763077562393,32.5715357761483,-45.9183383687296,57.4127244871217
0.0271943265914953,-1.46001261789499,32.641315968241,-46.5989362074765,58.0969045665033
0.0288369799754563,-1.45442905544357,32.6638924411322,-46.7967475828168,58.295997171539
0.0302884017600679,-1.44853810568565,32.6875661243858,-46.9944259942075,58.4950897765747
0.033761853654654,-1.4264997915014,32.7783899555562,-47.6725400928771,59.1792698559563
0.0350015117677443,-1.40284916932755,32.884677919802,-48.3483944222877,59.8634499353379
0.0349637376980254,-1.39588334757657,32.9186610251058,-48.544566320839,60.0625425403735
0.0347660479894357,-1.38893332677594,32.9539778553607,-48.7405025684817,60.2616351454092
0.0329638128841179,-1.36568499020421,33.0856255578293,-49.4118785151809,60.9458152247908
0.0297825412423604,-1.34414146165338,33.2322763189688,-50.0801466108101,61.6299953041724
0.0286654938428109,-1.33832797953336,33.2775951883377,-50.2740109577395,61.829087909208
0.0274850767524643,-1.33273250978492,33.3240069524796,-50.467620044882,62.0281805142437
0.0231260217630962,-1.31540947398544,33.491269104573,-51.1310266140954,62.7123605936253
0.0186006403964675,-1.30112571537161,33.668996637008,-51.7917177795455,63.3965406730069
0.0173093390546138,-1.2975564304136,33.7223853213776,-51.9835165975125,63.5956332780426
0.016037315236754,-1.29423624074204,33.7764372115231,-52.1751323239394,63.7947258830782
0.0119124920830387,-1.28470058385373,33.9665321021397,-52.8323690317984,64.4789059624598
0.00823831882993061,-1.27783288595577,34.1620123767982,-53.4880293465443,65.1630860418414
0.00726672827914238,-1.27629133561112,34.2196545229716,-53.6785941442292,65.3621786468771
0.00633639675496069,-1.27493839157686,34.2775800946291,-53.8690739830125,65.5612712519127
0.00345941699452862,-1.27161396578543,34.4782459996066,-54.523164633527,66.2454513312943
0.00104941118568187,-1.27009816509724,34.6804945830073,-55.176768688723,66.9296314106759
0.000430395629223732,-1.2699509711318,34.7394752736137,-55.3669241306272,67.1287240157116
-0.000153567757605647,-1.26992451026792,34.798479337658,-55.5570724165966,67.3278166207472
-0.00190029244310044,-1.27064833742313,35.0010598075134,-56.2105734896189,68.0119967001288
-0.00327479867443623,-1.27243990658655,35.2028181200883,-56.8643285381191,68.6961767795104
-0.00361061642515961,-1.27312527372815,35.2612740792789,-57.0546461410737,68.8952693845461
-0.00392008470856154,-1.27387595433753,35.3195984231444,-57.2450039887976,69.0943619895818
-0.00479758039441895,-1.27687255682398,35.518821124574,-57.899536293142,69.7785420689634
-0.00542293043982925,-1.28038326786629,35.7159130437909,-58.5547129682219,70.462722148345
-0.00556430162959977,-1.28147668751291,35.7728168661812,-58.7455003964361,70.6618147533806
-0.00568921700078377,-1.28259776092801,35.8295124255149,-58.9363497177453,70.8609073584163
-0.00601788738605677,-1.28660952499154,36.0226676379712,-59.5926978759065,71.5450874377979
-0.0062258832406676,-1.29080487723036,36.2131278248236,-60.2498329631939,72.2292675171795
-0.00627034892474349,-1.29204834276234,36.2680267004214,-60.4412069039205,72.4283601222151
-0.00630831643018483,-1.29330070447024,36.3226883087326,-60.6326487141403,72.6274527272508
-0.00638897599107683,-1.29764841301262,36.5086887146514,-61.2910600660189,73.3116328066324
-0.0063978777067036,-1.30202675957563,36.6918146888679,-61.9502766428251,73.995812886014
-0.00638800664863477,-1.30329954663062,36.7445600093775,-62.1422552696634,74.1949054910497
-0.00637352763373629,-1.30457018140988,36.7970619532175,-62.3343006025305,74.3939980960853
-0.0062984957170293,-1.3089066739959,36.9756294360165,-62.994766552462,75.0781781754669
-0.00619681090514732,-1.31318271354923,37.1513511494756,-63.6559953915112,75.7623582548485
-0.0061645632934655,-1.31441304630668,37.2019559137555,-63.8485493171235,75.9614508598842
-0.00613085867017253,-1.31563667931175,37.2523249323807,-64.0411650707646,76.1605434649198
-0.00600468072254009,-1.31979020571792,37.4236310742491,-64.7035515638317,76.8447235443014
-0.00584203424205647,-1.323844928164,37.592217291047,-65.366635626745,77.528903623683
-0.00578401726352937,-1.32500269186235,37.6407730262919,-65.5597164269502,77.7279962287187
-0.00571924002158987,-1.32614776520818,37.6891075091058,-65.7528527816969,77.9270888337543
-0.00544060704172483,-1.32997089848761,37.8535447420452,-66.4169778523278,78.6112689131359
-0.00506619656540109,-1.33357063210518,38.0155160397042,-67.0817088283605,79.2954489925175
-0.00493756765915578,-1.33456677234311,38.0622065656644,-67.2752491200416,79.4945415975532
-0.00479971169095748,-1.33553617726094,38.1087086088836,-67.4688348658638,79.6936342025889
-0.00425524948230379,-1.33864023095269,38.2671325323272,-68.1344201146774,80.3778142819704
-0.0035978053592545,-1.34133312445973,38.4236266752563,-68.8004620188314,81.061994361352
-0.00338462811479246,-1.34202842258774,38.4688421981325,-68.9943522015472,81.2610869663877
-0.00316134904220991,-1.34268048030093,38.5139289202544,-69.1882724629196,81.4601795714234
-0.00231563953249332,-1.34456017487775,38.6679905272401,-69.8548811525881,82.144359650805
-0.00136344335781688,-1.34582482382763,38.8210039704456,-70.5217314445153,82.8285397301866
-0.00106917317526109,-1.34606685112286,38.8653919167141,-70.7158127740601,83.0276323352222
-0.000769055441447203,-1.34625040311702,38.9097396590076,-70.9099033281588,83.2267249402579
0.000296925978824133,-1.34641336450902,39.0619863621219,-71.5769290625355,83.9109050196395
0.00138834991815318,-1.34583829901593,39.2143704962965,-72.2439233781972,84.5950850990211
0.00170542933133888,-1.34552983308669,39.2588098592969,-72.4379929864857,84.7941777040567
0.00202099861084567,-1.34515935787555,39.3033145699337,-72.6320475561746,84.9932703090924
0.00307003038183558,-1.34341281257628,39.4569283392986,-73.2987598123349,85.677450388474
0.00403215539974643,-1.34097827057126,39.6119354882079,-73.9651491561845,86.3616304678556
0.00428978684386716,-1.34014913088963,39.6573691185409,-74.1589884509995,86.5607230728912
0.00453749040215009,-1.33926977290789,39.7029668858881,-74.3527890701814,86.7598156779269
0.00531457990796976,-1.33589449113892,39.861057063496,-75.0184538816181,87.4439957573085
0.00600420743077385,-1.33201746008342,40.0215599011746,-75.6835406554722,88.1281758366901
0.00619360300037973,-1.33080360257731,40.0687661085689,-75.8769559162657,88.3272684417258
0.00638017527829107,-1.32955146500254,40.1162100910409,-76.0703128347229,88.5263610467614
0.0070121402725056,-1.32497074086983,40.2811656357091,-76.734309425609,89.210541126143
0.00765556936441474,-1.31995371712356,40.4493055812185,-77.3975063117295,89.8947212055246
0.00784978437412249,-1.31841071313977,40.4988724975845,-77.5903300936761,90.0938138105603
0.0080479298902807,-1.31682803482604,40.5487414173081,-77.7830757850567,90.292906415596
0.00877376825070862,-1.3110781831965,40.7225136201491,-78.4448194496043,90.9770864949776
0.00958175612671394,-1.30480362488885,40.9002609980363,-79.1055057149714,91.6612665743591
0.00983466798659041,-1.30287114212306,40.9527800344573,-79.2975464735651,91.8603591793948
0.0100949631071255,-1.30088769471139,41.0056760639325,-79.4894834105424,92.0594517844305
0.0110438885199901,-1.29365994004853,41.1904528681743,-80.1482386476305,92.7436318638121
0.0120565853764419,-1.2857611339457,41.3802063458068,-80.8055764326867,93.4278119431937
0.0123593947927018,-1.28333031890738,41.4364201575425,-80.9965684016427,93.6269045482293
0.0126643167262624,-1.28083952284355,41.4931041957636,-81.1874208688966,93.825997153265
0.0137212205438789,-1.27181342534013,41.6916355533582,-81.8421614967108,94.5101772326466
0.014780439341155,-1.26206342336738,41.8963043007306,-82.4950080121395,95.1943573120282
0.0150869045944884,-1.259090024324,41.9570799321367,-82.6845977378029,95.3934499170638
0.0153923442748838,-1.25605592217321,42.0184244265923,-82.8740035738989,95.5925425220995
0.0164294757682832,-1.24516881834254,42.2337252355683,-83.5234219557817,96.2767226014811
0.0174459784985364,-1.23357918669879,42.4563100348954,-84.1703780720457,96.9609026808627
0.0177376656701676,-1.23007673267261,42.5225105229183,-84.3581423977292,97.1599952858983
0.0180274486329628,-1.22651652251963,42.589373055482,-84.545671318449,97.359087890934
0.0190128380051698,-1.21384416524623,42.8243357931948,-85.188236206764,98.0432679703156
0.0199764059784378,-1.20050508907716,43.0676346201412,-85.8276891750883,98.7274480496972
0.0202516413419403,-1.1965003996604,43.1400545455271,-86.0131434824808,98.9265406547329
0.0205225493241514,-1.19244256202472,43.213219863747,-86.1983042912315,99.1256332597685
0.0214069722155031,-1.17809087648345,43.470474440038,-86.8322722536521,99.8098133391501
0.0221508381897728,-1.1631821695395,43.7369753414857,-87.4624071764017,100.493993418532
0.0223280415605959,-1.15875298430204,43.8163048764767,-87.6450126253717,100.693086023567
0.0224826971132657,-1.15429271595754,43.8964409469605,-87.8272651660363,100.892178628603
0.0228015527905639,-1.1387795535613,44.1780742066567,-88.450784097336,101.576358707985
0.0227367980718542,-1.12317946575806,44.4693725217051,-89.0698463077186,102.260538787366
0.0226357133605188,-1.11866124714222,44.5559519624237,-89.2491277011051,102.459631392402
0.0224977428899366,-1.11416749228754,44.6433321540834,-89.4280205558734,102.658723997438
0.021729542177685,-1.09901261602042,44.9496798673942,-90.0397748524314,103.342904076819
0.020520009184494,-1.0845343027551,45.2650586278236,-90.6469252509717,104.027084156201
0.0200878171932855,-1.08049158990161,45.3584595175624,-90.8227488403949,104.226176761236
0.0196224736964843,-1.07653690651448,45.4525575243109,-90.9982015056939,104.425269366272
0.0177790937030297,-1.06372438642132,45.7810360744744,-91.5983646893351,105.109449445654
0.0156232272604044,-1.05227996870021,46.116771115348,-92.1945032346939,105.793629525035
0.014949559464156,-1.04923735356111,46.2157067825699,-92.3672728078045,105.992722130071
0.014259797919363,-1.04632882717828,46.3151536939691,-92.5397499678942,106.191814735107
0.011808690285548,-1.0374061241852,46.6604792769665,-93.1303834059493,106.875994814488
0.00927106458084185,-1.0301900171779,47.0105612066132,-93.718213786644,107.56017489387
0.00852362432212137,-1.02841922145225,47.1131790157786,-93.8888222418266,107.759267498905
0.00776953579681369,-1.02679822412606,47.2160847727941,-94.0592580803763,107.958360103941
0.00513296253094753,-1.02237704094755,47.5715724403943,-94.6438342728951,108.642540183323
0.00236717743304251,-1.01980395075612,47.9291030408467,-95.2271649624006,109.326720262704
0.00152694768637559,-1.01941501542132,48.0333707530969,-95.396770465608,109.52581286774
0.000663624373696009,-1.01919868843487,48.1376855892558,-95.5663471218243,109.724905472776
-0.00251272396123579,-1.01980551023039,48.4961655628798,-96.1490948111486,110.409085552157
-0.00614047548454076,-1.02273994681648,48.8536126544044,-96.7324755200545,111.093265631539
-0.00730473425613579,-1.02407536302373,48.9572389024968,-96.902474189325,111.292358236574
-0.00852602963082921,-1.02565168390953,49.0606072328538,-97.0726282819131,111.49145084161
-0.0132307155669314,-1.03304455420113,49.4133907156992,-97.6588429439632,112.175630920992
-0.0188105313961353,-1.04395565010983,49.7607907833991,-98.2482553298811,112.859811000373
-0.0206152466995633,-1.04787745474036,49.8605701703257,-98.420541238381,113.058903605409
-0.022498883681397,-1.0521659970803,49.9596261962684,-98.5932382004677,113.257996210445
-0.0296110277618493,-1.06994216101917,50.2937301118462,-99.1902947314506,113.942176289826
-0.0376021989267488,-1.09288501866979,50.6155989939702,-99.7940078468747,114.626356369208
-0.0400718539648805,-1.10061802348423,50.7064983309437,-99.9711425319223,114.825448974243
-0.042587798060084,-1.10883928731217,50.7959701928783,-100.148988940778,115.024541579279
-0.0515031256821102,-1.141024869682,51.0913225908778,-100.766122236103,115.708721658661
-0.0604532769023707,-1.17932205441808,51.3647301535052,-101.393232791143,116.392901738042
-0.0629924367297304,-1.19161771982352,51.4395721251917,-101.577730706477,116.591994343078
-0.0654742130446938,-1.20440020647934,51.5121016565487,-101.763130855528,116.791086948114
-0.0733441977914271,-1.25197093184632,51.7421943163643,-102.407413102119,117.475267027495
-0.0797701821053019,-1.30443216583665,51.9397790047439,-103.062337704785,118.159447106877
-0.0812892914650262,-1.32047499157471,51.9906365551435,-103.254832757886,118.358539711913
-0.0826368742102123,-1.3367940143639,52.038405341861,-103.448104522479,118.557632316948
-0.0858026248878866,-1.39455285196766,52.1778154578795,-104.117840330069,119.24181239633
-0.0865591384199381,-1.45365345709061,52.2778860863879,-104.794554930013,119.925992475711
-0.0863005630680422,-1.47086699155925,52.2994285480986,-104.992479222841,120.125085080747
-0.0858292482377773,-1.48800572514873,52.3176152419586,-105.190743804736,120.324177685783
-0.0825532751301546,-1.54575320666738,52.3542981271933,-105.873829385771,121.008357765164
-0.0767253876211046,-1.60038634814633,52.3525705409679,-106.557936937542,121.692537844546
-0.0745527965232213,-1.61544885504268,52.3451502538544,-106.756882833263,121.891630449582
-0.0721743192763448,-1.63006383803957,52.3348216973218,-106.95571829121,122.090723054617
-0.0623439785642874,-1.67621028125538,52.2781286936479,-107.637456557816,122.774903133999
-0.0502497888057059,-1.71485656097228,52.1925873592501,-108.31625184531,123.45908321338
-0.0463620788611465,-1.72447143496989,52.163026582235,-108.513125317183,123.658175818416
-0.0423546590784187,-1.73331994315957,52.1316665976938,-108.709740302157,123.857268423452
-0.0279715908873544,-1.75737993519019,52.0122985832162,-109.383392614064,124.541448502833
-0.0135519991800491,-1.77158682415297,51.8800560343475,-110.054680106081,125.225628582215
-0.00952023038649387,-1.77386659696409,51.8401130268789,-110.249718544463,125.424721187251
-0.00560732682392469,-1.77537585865188,51.7997800661007,-110.444682370131,125.623813792286
0.00650953321908266,-1.77492911487156,51.6605178409239,-111.114541421476,126.307993871668
0.0162040843475781,-1.76702090457788,51.5240565530054,-111.784969423413,126.992173951049
0.0185021153004727,-1.76355585525675,51.4855908837326,-111.980312549475,127.191266556085
0.0205840772715976,-1.75965363863066,51.4478081725522,-112.175785081279,127.390359161121
0.0260789159961444,-1.74356953339027,51.3246015957189,-112.848777298101,128.074539240502
0.0294486997828188,-1.72445292908317,51.2132600627578,-113.523821587274,128.758719319884
0.0301139584620288,-1.7185290464126,51.1833873808255,-113.720662167312,128.95781192492
0.0306736661001495,-1.71247044670609,51.1546726458213,-113.917672200827,129.156904529955
0.0320502574952999,-1.69098544380625,51.0653055842654,-114.595978823284,129.841084609337
0.032939724725031,-1.66872524482147,50.9907948738888,-115.276073823214,130.525264688718
0.0331746829195388,-1.66214984772501,50.9719843730041,-115.474276108378,130.724357293754
0.0334000355087446,-1.65552401936868,50.9544770316473,-115.672596662398,130.92344989879
0.0341651730783455,-1.63240500449303,50.9044350367596,-116.354929910282,131.607629978171
0.0348315649192478,-1.60879627766452,50.8703465987207,-117.038243360017,132.291810057553
0.0349910870226544,-1.60184397467295,50.8634749619298,-117.237217381936,132.490902662589
0.0351263046696217,-1.5948637506418,50.8579854757988,-117.436233846188,132.689995267624
0.0353699720259053,-1.57072754876351,50.8497739563754,-118.12034812957,133.374175347006
0.0352606132814167,-1.54654540124687,50.8580900550677,-118.804460896528,134.058355426387
0.0351604801945359,-1.53953454679017,50.8636189810139,-119.003476349831,134.257448031423
0.0350365668787455,-1.53254295253451,50.8705378229002,-119.202448645408,134.456540636459
0.0344740896916441,-1.50876332187516,50.9048521032237,-119.885750754608,135.14072071584
0.0338988545606712,-1.48537289126786,50.9552704557019,-120.568055742357,135.824900795222
0.0337664359489664,-1.47864076371357,50.9729253456913,-120.766363290298,136.023993400258
0.0336608591053298,-1.47192763202823,50.9919175115066,-120.964547441833,136.223086005293
0.0336168939071251,-1.44894631016173,51.0672589768343,-121.644551782608,136.907266084675
0.0341644805449143,-1.42579270441698,51.1582641684839,-122.322636626021,137.591446164057
0.0344532715919404,-1.4189647168128,51.1876988185138,-122.519541112647,137.790538769092
0.0347926479937501,-1.41207573181512,51.2184908597419,-122.716236603817,137.989631374128
0.0363449379847632,-1.38776332386604,51.3347638227992,-123.390449768951,138.673811453509
0.0383015366515243,-1.36225056005676,51.4677931707944,-124.061550845865,139.357991532891
0.0389104521704993,-1.35456133781893,51.5097561353143,-124.256171611556,139.557084137927
0.039518199236723,-1.34675836065127,51.5532239824937,-124.450459296422,139.756176742962
0.0414895017780943,-1.31902104513978,51.7143937007012,-125.115365775786,140.440356822344
0.0430155205673404,-1.29008733083548,51.8943333826157,-125.775432012888,141.124536901726
0.043326411798814,-1.28148675447262,51.950314538933,-125.96649286958,141.323629506761
0.0435651786534383,-1.2728381907805,52.0079271774173,-126.15706710862,141.522722111797
0.0437079635247654,-1.24291432566526,52.2185535779281,-126.807991732356,142.206902191178
0.0426476889274027,-1.2133043246468,52.4484591385264,-127.452361730676,142.89108227056
0.0420844161362336,-1.20486500368588,52.5189245504024,-127.638566219439,143.090174875596
0.0414062747517874,-1.19655110989221,52.5909276248187,-127.824184843949,143.289267480631
0.0381710167767879,-1.1692510127449,52.8498439731415,-128.457452065597,143.973447560013
0.0335764968388944,-1.14462940463459,53.1251168499614,-129.083799884481,144.657627639395
0.0319921808125189,-1.13810117019891,53.2080242767091,-129.264805573815,144.85672024443
0.0303029786860188,-1.13189639918697,53.2920656568901,-129.445294015052,145.055812849466
0.0237217766356798,-1.11335253146565,53.5887770826772,-130.061769250871,145.739992928848
0.016043722497677,-1.09968661325977,53.8953856784097,-130.673402368217,146.424173008229
0.0136232856460677,-1.09673380859145,53.9860251718874,-130.850662730472,146.623265613265
0.0111276642731607,-1.09426570984018,54.0771333873081,-131.027686609924,146.8223582183
0.00203656353957898,-1.08972713890637,54.3926695441521,-131.63475896417,147.506538297682
-0.00767226436705887,-1.09161983630727,54.7090094390963,-132.241415073967,148.190718377064
-0.0105797038553366,-1.09343924977914,54.8006534799172,-132.418161457119,148.389810982099
-0.0135105652412314,-1.09583214221385,54.89191991094,-132.595098768157,148.588903587135
-0.0236706717961259,-1.10856020691822,55.2012742017434,-133.205351396269,149.273083666517
-0.0336775932332234,-1.12818721102881,55.5007051508108,-133.820505544775,149.957263745898
-0.0365063312072536,-1.13517939640101,55.5853560206762,-134.000710536076,150.156356350934
-0.0392786554103657,-1.14272003378183,55.6687012313437,-134.181510317879,150.355448955969
-0.0482185114266169,-1.17271948960843,55.9436441088914,-134.808004609483,151.039629035351
-0.0559736521458375,-1.20843013753089,56.1978448035364,-135.443151949731,151.723809114733
-0.0579561661509292,-1.21977823630897,56.2673618922686,-135.629720430629,151.922901719768
-0.0598082340672916,-1.23150300421199,56.3347425676074,-135.817057780815,152.121994324804
-0.0650741634580466,-1.27432316257732,56.5487351441097,-136.466868085887,152.806174404186
-0.0686013569424631,-1.32015136069602,56.7337212349401,-137.125491504465,153.490354483567
-0.0692942675879332,-1.33388148843462,56.7817642531643,-137.318704263654,153.689447088603
-0.0698443810205516,-1.34773612846185,56.8271664005653,-137.512549215767,153.888539693639
-0.0706661601204756,-1.39589258252902,56.9623946294555,-138.183164848678,154.57271977302
-0.0699234831841897,-1.44407609665848,57.0651812010163,-138.859512773257,155.256899852402
-0.0694306259260015,-1.45794877672724,57.0889555768643,-139.057179253148,155.455992457437
-0.0688140060721117,-1.47171042048128,57.1100258949473,-139.255156720048,155.655085062473
-0.0657838316987392,-1.51784234277978,57.1618316679447,-139.937301678287,156.339265141855
-0.0612217337431669,-1.56137702433593,57.1830187797441,-140.621109410331,157.023445221236
-0.0595838315011439,-1.57340717426174,57.1836766570283,-140.820195393101,157.222537826272
-0.057789314878596,-1.58508836567088,57.1820101413431,-141.019288062725,157.421630431308
-0.0502393597535691,-1.62218545701471,57.1592034550693,-141.703030673988,158.105810510689
-0.0402065889704835,-1.65326767295476,57.113105111013,-142.385645515332,158.789990590071
-0.0367568619092299,-1.66093894742805,57.0959108234729,-142.583986338343,158.989083195106
-0.0330693832785466,-1.66790160769911,57.0773072383616,-142.782213897833,159.188175800142
-0.0184694364206895,-1.68567802424123,57.004310820715,-143.462466768158,159.872355879524
-0.00131753571368915,-1.69259244998963,56.9229186668182,-144.141797032203,160.556535958905
0.0040712454830897,-1.69231378306487,56.8987179242067,-144.33940952084,160.755628563941
0.00957587767084463,-1.69097583722782,56.8746955410282,-144.53703954052,160.954721168977
0.0290001276729291,-1.67776001667792,56.7964114454053,-145.216741587063,161.638901248358
0.0480849345724953,-1.65137063132408,56.731606818161,-145.897801223499,162.32308132774
0.0533632713585714,-1.64125030895107,56.7165707472348,-146.096336303106,162.522173932775
0.058457982136496,-1.63012633695137,56.7036108248786,-146.294988592991,162.721266537811
0.0740546634117914,-1.58458808690839,56.6780697862095,-146.978672026454,163.405446617193
0.0860208291417439,-1.52962086143939,56.686894784605,-147.662667418364,164.089626696574
0.0886951962227731,-1.51221090582234,56.6968455536253,-147.861527680548,164.28871930161
0.0910034290780903,-1.49431251959279,56.7102309393055,-148.060162651806,164.487811906646
0.0959358798237369,-1.43010909945898,56.7842683127929,-148.740216976911,165.171991986027
0.0964248595105021,-1.36405106197336,56.9023895672153,-149.413986312915,165.856172065409
0.0957707783265649,-1.34491626417594,56.945164206852,-149.608431291441,166.055264670444
0.0947937523385291,-1.32593399540501,56.9915707494626,-149.802048717621,166.25435727548
0.0891945740742178,-1.26281980627054,57.1785272185308,-150.46004502558,166.938537354862
0.0805503159336933,-1.20457815486114,57.4050512541479,-151.105561045432,167.622717434243
0.0775432366948487,-1.18884424457358,57.4778361744578,-151.29085827954,167.821810039279
0.0743219405276909,-1.17372393681441,57.553434410354,-151.475054936222,168.020902644315
0.061719072967785,-1.127048135463,57.8331259258733,-152.099348295105,168.705082723696
0.0467041098327271,-1.08982011891019,58.1387905171177,-152.711444980105,169.389262803078
0.0418747499488012,-1.0809983343501,58.2317041368306,-152.887510520864,169.588355408113
0.0368350964436941,-1.07315528462437,58.3260550917692,-153.062835686243,169.787448013149
0.0178001345643484,-1.05432684627001,58.658973817886,-153.660523950163,170.471628092531
-0.00365997849022291,-1.04935136970708,58.9990010223936,-154.25424028865,171.155808171912
-0.0103163994454804,-1.0507436278423,59.0980909629261,-154.42691750374,171.354900776948
-0.0171035197311321,-1.05344916182172,59.1968063450638,-154.599797135621,171.553993381984
-0.0411334023625844,-1.07338319149269,59.5300687281498,-155.19735262417,172.238173461365
-0.0649570466515803,-1.10968743608721,59.8463515566391,-155.803947975868,172.922353540747
-0.0716066747089278,-1.12330644668234,59.9337472357123,-155.982854183181,173.121446145782
-0.0780378106833385,-1.13818799429714,60.0186067514,-156.162923026049,173.320538750818
-0.0977645477929513,-1.1986044140711,60.2871478570124,-156.792156660814,174.0047188302
-0.112647227145398,-1.27086037049624,60.5133446320179,-157.437632762188,174.688898909581
-0.115848991281698,-1.29363494254515,60.5699745939679,-157.628529916129,174.887991514617
-0.118524361333373,-1.31697605406427,60.6222846955543,-157.820620313986,175.087084119653
-0.123250549694107,-1.40007818625124,60.7664189320003,-158.489250400771,175.771264199034
-0.121077795115265,-1.484053822702,60.8542896577722,-159.167554802193,176.455444278416
-0.119153869873889,-1.50797727039698,60.8690907522426,-159.366094743142,176.654536883452
-0.116705405939099,-1.53147910363101,60.8792917853936,-159.564949345529,176.853629488487
-0.104590319900097,-1.60746007276602,60.879622427686,-160.248902926485,177.537809567869
-0.087600982049696,-1.67348470837752,60.8314395375566,-160.93131881343,178.22198964725
-0.0819030169073068,-1.69034898592921,60.8092982157598,-161.129148286476,178.421082252286
-0.0759185225528416,-1.70608652119569,60.7839859853655,-161.326647958048,178.620174857322
-0.0536506756902768,-1.75048445103081,60.6758132786383,-162.002113049387,179.304354936703
-0.0300919815614746,-1.7792055776393,60.5430012030783,-162.673301691073,179.988535016085
-0.023246922362851,-1.78449191075469,60.5012627267955,-162.867950396209,180.187627621121
-0.016487311649416,-1.78846307949567,60.4586047182504,-163.062419655645,180.386720226156
0.00537658979269651,-1.79208154201998,60.3088745684652,-163.730016094167,181.070900305538
0.0240412500616882,-1.78183558725993,60.1613597270975,-164.398094799708,181.755080384919
0.0286680333263762,-1.77656381114466,60.1201785908306,-164.59288557049,181.954172989955
0.0329191223490239,-1.77042313601284,60.0800450639205,-164.787884123,182.153265594991
0.0442959345087588,-1.74373261144186,59.9529892686562,-165.460157972837,182.837445674372
0.0508315176278866,-1.71091443485898,59.8459948302896,-166.13587285746,183.521625753754
0.0518551206234628,-1.70068865838589,59.8192355413111,-166.333165433159,183.72071835879
0.052541323644134,-1.69027527412608,59.7944506958231,-166.530709570684,183.919810963825
0.0525835628650365,-1.65416150198798,59.7252339012064,-167.211339302698,184.603991043207
0.049966931225692,-1.61892840385449,59.6803333424007,-167.894011653568,185.288171122588
0.0488805536728652,-1.60910213559775,59.6717593207866,-168.092917536997,185.487263727624
0.0476976797644612,-1.59947952974143,59.6650962592825,-168.291901284737,185.68635633266
0.0433613680565484,-1.56833157210953,59.6562969031297,-168.975989514209,186.370536412041
0.0390677758278253,-1.54013581865783,59.6677954507862,-169.660057676098,187.054716491423
0.0379133815722145,-1.53248134892165,59.6746643251548,-169.85902804545,187.253809096459
0.0367916026084334,-1.5250476231767,59.6830370335821,-170.057946101529,187.452901701494
0.0332687193851265,-1.50110290893245,59.7226354204256,-170.740958414199,188.137081780876
0.0301356298073033,-1.47943513668792,59.7777993828226,-171.422901954808,188.821261860257
0.0292737132738445,-1.47351937227612,59.7965491416188,-171.621107496179,189.020354465293
0.0284215965736126,-1.46777761181318,59.8164566315396,-171.819203437015,189.219447070329
0.0255003469541765,-1.44932686830232,59.8932041473392,-172.499052477495,189.90362714971
0.0224987025492026,-1.43290228784336,59.9817951142481,-173.177467958524,190.587807229092
0.0215929893252789,-1.42851130274834,60.0095982382416,-173.374608193059,190.786899834128
0.0206746913059201,-1.42430213850245,60.0382477960524,-173.571629613131,190.985992439163
0.0174137534039235,-1.41126759844451,60.142653469537,-174.247789340463,191.670172518545
0.0140675310185236,-1.40049330211153,60.2551017557314,-174.922664366701,192.354352597926
0.0130923766768959,-1.39779096701561,60.2891130553487,-175.118829319376,192.553445202962
0.0121239530496834,-1.39527932937227,60.3236373480535,-175.314906178145,192.752537807998
0.00890080987170665,-1.38810174444727,60.4456421296299,-175.988117598247,193.436717887379
0.00593684507765511,-1.383040707534,60.5717647223535,-176.660572738989,194.120897966761
0.00514120703972616,-1.38194010189847,60.6090342224897,-176.856145411519,194.319990571797
0.00437771166008677,-1.38099282926706,60.6465099411551,-177.051679230599,194.519083176832
0.00203294144256142,-1.37882546080442,60.776400576507,-177.723416040414,195.203263256214
0.000138089820345559,-1.37810842474521,60.9072599477999,-178.394965291401,195.887443335596
-0.000325459829087502,-1.37812804038275,60.9453814904259,-178.590374071262,196.086535940631
-0.000751537186487934,-1.37823648562541,60.9834976893265,-178.785783922317,196.285628545667
-0.00192834569317931,-1.37917662569545,61.1141521681185,-179.457372967453,196.969808625048
-0.00269510725324006,-1.38078164172678,61.2439518553864,-180.12912754728,197.65398870443
-0.00284781997955341,-1.38133333761028,61.2814981932709,-180.324647754795,197.853081309466
-0.00297246127537354,-1.38191411764646,61.3189392930077,-180.520188097913,198.052173914501
-0.00320550079647834,-1.38404159648181,61.4466909644692,-181.1923352052,198.736353993883
-0.00319194655536355,-1.38624415904531,61.5729871189865,-181.864757285459,199.420534073265
-0.00315219200970396,-1.38687499490025,61.6094578740938,-182.060480943892,199.6196266783
-0.00309980317381686,-1.38749852008909,61.645808340729,-182.256226986794,199.818719283336
-0.00285079154159984,-1.38953691523636,61.7698197735967,-182.929074176243,200.502899362717
-0.00255344237431852,-1.39138840579603,61.8925223386837,-183.602161369551,201.187079442099
-0.00246882851505523,-1.39188732792649,61.9280002267984,-183.798067415026,201.386172047135
-0.00238743670288327,-1.39237058353776,61.9633818439253,-183.993990892556,201.58526465217
-0.00215023839566172,-1.39391937041991,62.0842810953767,-184.667404312153,202.269444731552
-0.00197454271080236,-1.39532691037991,62.2041848085527,-185.340995751688,202.953624810934
-0.00193415264687186,-1.39571600137643,62.2389027334958,-185.537037909178,203.152717415969
-0.00189686680106403,-1.39609725893309,62.2735445517441,-185.733093541068,203.351810021005
-0.00177808487048958,-1.39735388063375,62.3920353707442,-186.406934942306,204.035990100387
-0.00166882082922702,-1.39853249007885,62.509705626154,-187.080920141583,204.720170179768
-0.00163788024296045,-1.39886173946514,62.5438004020087,-187.277071638832,204.919262784804
-0.00160916539886016,-1.39918519116115,62.5778305241709,-187.473234367774,205.118355389839
-0.00154141653748949,-1.40025929367478,62.694304554494,-188.147427317346,205.802535469221
-0.00153821534943928,-1.40130912488319,62.8100625497649,-188.821743584069,206.486715548603
-0.00155253228755263,-1.40161639570905,62.8436153152256,-189.017988524445,206.685808153638
-0.00157296307132406,-1.40192728411598,62.8771062978705,-189.214244014341,206.884900758674
-0.00169407978178993,-1.40304084669781,62.9917252779049,-189.888754827098,207.569080838056
-0.00188640997987767,-1.40426163634502,63.1055569024765,-190.563398932758,208.253260917437
-0.00195431642206368,-1.40464400946221,63.1385229814795,-190.759743284589,208.452353522473
-0.0020263799312324,-1.40503973612656,63.1714120396304,-190.956100536682,208.651446127508
-0.0022957343347413,-1.40651798535689,63.2838124604045,-191.630984582165,209.33562620689
-0.00257040331213646,-1.40818233956719,63.395152285762,-192.306044343572,210.019806286272
-0.00264600987056268,-1.40870213621818,63.4273342803017,-192.502518739613,210.218898891307
-0.00271843749930706,-1.40923630947157,63.4594130530659,-192.699009993518,210.417991496343
-0.00293372119702735,-1.4111725315628,63.5688225478961,-193.374385317088,211.102171575725
-0.0031020892032455,-1.41323999708066,63.6768798194884,-194.049978248752,211.786351655106
-0.00314323970432178,-1.41386166595181,63.7080571100939,-194.246614574718,211.985444260142
-0.00318253174833327,-1.41449171279484,63.7391116835745,-194.443270300776,212.184536865178
-0.00330789947784147,-1.41671182723055,63.844871865126,-195.119226657106,212.868716944559
-0.00343673015637773,-1.41901890040975,63.9491016802269,-195.795420635105,213.552897023941
-0.0034783308330746,-1.41970691974845,63.979136009407,-195.992234775608,213.751989628976
-0.0035226350632641,-1.42040380716644,64.0090336320328,-196.189069708135,213.951082234012
-0.00370397721188123,-1.42287328927778,64.1107143052469,-196.865651724704,214.635262313394
-0.00393214858765208,-1.42548286188693,64.2106764429563,-197.54248969974,215.319442392775
-0.00400767230261072,-1.42627314297013,64.2394283752456,-197.739495271245,215.518534997811
-0.0040863865658393,-1.42707847090545,64.2680226594065,-197.936523749337,215.717627602847
-0.00437680909096089,-1.42997308081873,64.365044676268,-198.61378946721,216.401807682228
-0.00467714172394104,-1.43306978218749,64.4600373883113,-199.291342653384,217.08598776161
-0.004762462725742,-1.4340098377598,64.4872788025933,-199.48856277701,217.285080366645
-0.00484574688936317,-1.4349663947958,64.5143333598673,-199.685808574217,217.484172971681
-0.00510837373598586,-1.43837353794921,64.605834503133,-200.363842155368,218.168353051063
-0.00533701595805769,-1.44194873935782,64.6949679465178,-201.042190917114,218.852533130444
-0.00539764370531161,-1.44301733523062,64.7204440372044,-201.239646834717,219.05162573548
-0.00545673706607365,-1.44409801332468,64.7457082073972,-201.437129936388,219.250718340516
-0.00565354894530839,-1.44789878679894,64.8308785502703,-202.115987720249,219.934898419897
-0.00584939105083458,-1.45183388329044,64.9134224737888,-202.795169740454,220.619078499279
-0.00590783789579091,-1.45300411006264,64.936935697745,-202.992868999686,220.818171104314
-0.00596664816178268,-1.45418579585511,64.9602166307203,-203.190595706608,221.01726370935
-0.00616882816698113,-1.45833845150905,65.0384148006932,-203.870291829083,221.701443788732
-0.00634943358980552,-1.46262205424524,65.113745227821,-204.550311628112,222.385623868113
-0.00639386080088126,-1.46389103809255,65.1351143322329,-204.748254119403,222.584716473149
-0.00643305001186665,-1.46516778872438,65.1562324245576,-204.946223522027,222.783809078185
-0.00651671505789759,-1.46960304444877,65.2268594694164,-205.626747913597,223.467989157566
-0.00650794693586042,-1.47406392166486,65.2944588102663,-206.307579699385,224.152169236948
-0.00648551403480041,-1.47535775329116,65.3135584332517,-206.505754031486,224.351261841983
-0.00645432739336356,-1.4766460494148,65.3324038768452,-206.703952718274,224.550354447019
-0.00627661016032647,-1.48100731103253,65.3952299582386,-207.385241528373,225.234534526401
-0.00599129520795757,-1.48521017395156,65.4551381694554,-208.066793270477,225.918714605782
-0.00588837675363284,-1.48639287094275,65.4720383662643,-208.265167245267,226.117807210818
-0.00577694118002184,-1.48755431528882,65.488707733707,-208.463560823778,226.316899815854
-0.00533280584966036,-1.49136001658623,65.5442779497816,-209.145479897224,227.001079895235
-0.00479803657251573,-1.49483084436761,65.5973668258614,-209.827596912912,227.685259974617
-0.00462617836771596,-1.49576903970299,65.6123819666409,-210.026122452917,227.884352579653
-0.00444763713892824,-1.49667312800277,65.6272153237165,-210.224661752603,228.083445184688
-0.00378173631580708,-1.49949059877087,65.6768945704483,-210.907035476,228.76762526407
-0.00307577452499598,-1.50183876900292,65.7248112249448,-211.589535511475,229.451805343451
-0.00287052598441496,-1.50242999027868,65.7384695205303,-211.788159019214,229.650897948487
-0.0026705632686296,-1.50298306735072,65.7520127721662,-211.9867904694,229.849990553523
-0.00205199600224422,-1.50458716964039,65.7978060213305,-212.669436203094,230.534170632904
-0.00163404607206858,-1.50583668972114,65.8426252253711,-213.352146695345,231.218350712286
-0.00156782824708973,-1.50615337865391,65.8555191135912,-213.550821317903,231.417443317322
-0.00153237866930133,-1.50646246329927,65.8683449504561,-213.749500351373,231.616535922357
-0.00168929831648061,-1.50753639505105,65.9119796404202,-214.432287571398,232.300716001739
-0.00234033096703084,-1.50888671923643,65.9547866683683,-215.115127104382,232.98489608112
-0.0026342900581564,-1.50938006550419,65.9670607305559,-215.313841013157,233.183988686156
-0.00297635778636328,-1.50993834264826,65.9792205924603,-215.512561790846,233.383081291192
-0.00454687181641952,-1.51247503903231,66.0200402816574,-216.195523238306,234.067261370573
-0.0067650316429487,-1.51630780300634,66.0586846683619,-216.878610281822,234.751441449955
-0.00753886323547088,-1.51773012521039,66.0693943286046,-217.077414790215,234.950534054991
-0.00836986770189578,-1.51931178058189,66.0797944488345,-217.276234861037,235.149626660026
-0.0116760561936065,-1.52613286608856,66.1128143193591,-217.959617985109,235.833806739408
-0.0156211184931564,-1.53543453226622,66.1403240158559,-218.643240528906,236.517986818789
-0.0168780388314741,-1.53866990808504,66.147050686734,-218.842220212878,236.717079423825
-0.0181740686832042,-1.54215570603318,66.1531014336774,-219.04121891399,236.916172028861
-0.0228762346011509,-1.55618645717747,66.1680832227582,-219.7252336113,237.600352108242
-0.0277914801326025,-1.57350722898621,66.1723413086691,-220.409387347701,238.284532187624
-0.0292295630600024,-1.57918637404397,66.1712429201659,-220.608478741542,238.48362479266
-0.0306583370762911,-1.58514327192834,66.1689902953151,-220.80755566781,238.682717397695
-0.0353483116194185,-1.60776006433442,66.1516095109032,-221.491506411619,239.366897477077
-0.0393967825290045,-1.63336619189225,66.1177459411954,-222.174822941084,240.051077556458
-0.0403978874562655,-1.64131597987778,66.1045047928139,-222.373477057789,240.250170161494
-0.0413071844850232,-1.64944888034455,66.0896846242602,-222.572015504314,240.44926276653
-0.043618504038895,-1.67858057294807,66.0260627158902,-223.253209555566,241.133442845911
-0.0445361476061234,-1.70881686167384,65.9422536433796,-223.932208002695,241.817622925293
-0.044516327310452,-1.71768615955544,65.9139753653987,-224.129282713138,242.016715530329
-0.0443666006481466,-1.72653614680781,65.8839779209603,-224.326103628409,242.215808135364
-0.0428235480695179,-1.75645459350456,65.7676695497584,-225.000295223927,242.899988214746
-0.039674510212363,-1.7847679227979,65.6317828245523,-225.670825853248,243.584168294127
-0.0384541266977067,-1.79254783178132,65.5887331441111,-225.865206124388,243.783260899163
-0.0371006800804902,-1.8000735382201,65.5442216089943,-226.059262545019,243.982353504199
-0.0314315624537709,-1.82360010672496,65.380662208247,-226.723580149261,244.66653358358
-0.0243177210409712,-1.84275375226463,65.2029595309423,-227.384277080471,245.350713662962
-0.0220011252330342,-1.84736417672661,65.1490191447871,-227.57591971908,245.549806267998
-0.019589636722797,-1.85151084022315,65.0942561850591,-227.767334714336,245.748898873033
-0.0106667188235656,-1.86190067643313,64.9009520679271,-228.423631657356,246.433078952415
-0.00105208233013416,-1.86594899992515,64.7029121726869,-229.078526034574,247.117259031796
0.00182055190956973,-1.86586798827639,64.6449920275533,-229.269005985963,247.316351636832
0.00470644816195272,-1.86522422773762,64.5871432137857,-229.459506864716,247.515444241868
0.0145741818612873,-1.85860406744082,64.3904059149393,-230.114794638575,248.199624321249
0.0240131020194767,-1.84537929315961,64.2001843596818,-230.771987867781,248.883804400631
0.0266131225777629,-1.84033245663123,64.1466793749734,-230.963759050098,249.082897005667
0.0291289181293541,-1.83478644653354,64.0941765274229,-231.155799352877,249.281989610702
0.0369642258734363,-1.8120896895901,63.9228915386214,-231.818187135272,249.966169690084
0.0432744844524655,-1.78455387530174,63.7683009162006,-232.484640386919,250.650349769466
0.044773580560688,-1.77578182697411,63.7269276462372,-232.679391002532,250.849442374501
0.0461155004008842,-1.76673128897705,63.6872625529472,-232.874489672707,251.048534979537
0.0494065966775567,-1.73393747815204,63.5650037768962,-233.547631010518,251.732715058918
0.0506516904888311,-1.69959188187979,63.4654063879179,-234.224484447821,252.4168951383
0.0506296086854286,-1.68950682025124,63.4408488860096,-234.422057850991,252.615987743336
0.0504515705277784,-1.67943607896547,63.4182537104677,-234.619865441545,252.815080348371
0.0486984058813753,-1.64543682835646,63.3557432382641,-235.301145948468,253.499260427753
0.0455240146374666,-1.61312324553755,63.3158489857459,-235.984136852786,254.183440507135
0.0443984920814793,-1.60417628277851,63.3083312899942,-236.183084708269,254.38253311217
0.0432093734143058,-1.59544821770078,63.3025591424807,-236.382096090537,254.581625717206
0.0388805204096584,-1.56736609141247,63.2954692145604,-237.066210104643,255.265805796587
0.0345518208409466,-1.54224562762762,63.3065771818048,-237.750288643652,255.949985875969
0.0333628044643969,-1.53549200421885,63.3129369644009,-237.949276375854,256.149078481005
0.0322150636122274,-1.52896057970162,63.3206263236411,-238.148221687712,256.34817108604
0.0287286420930887,-1.50816724155522,63.3564628902676,-238.831446709118,257.032351165422
0.0262050645775533,-1.48942986421713,63.405795992256,-239.513839275796,257.716531244804
0.0256992197277861,-1.48426908023877,63.4224830417373,-239.712229617835,257.915623849839
0.0253103651399627,-1.47918888963544,63.4402095554416,-239.910531026254,258.114716454875
0.0249960980379676,-1.46208498651827,63.5085977822401,-240.59127683916,258.798896534257
0.0265311136831732,-1.44456347748349,63.5887602366824,-241.27073510583,259.483076613638
0.0273751142601503,-1.4392048829351,63.6143362354825,-241.46817815009,259.682169218674
0.0284089931934802,-1.43365365601951,63.6410250001763,-241.665469893308,259.881261823709
0.0335381865911942,-1.41260650095642,63.7414415727165,-242.342236613654,260.565441903091
0.0411993121372101,-1.38718390517821,63.8575495690851,-243.016464981589,261.249621982473
0.0439211458360745,-1.37871571778587,63.8946992829979,-243.212064489866,261.448714587508
0.0468576686681618,-1.3696849657155,63.933595449916,-243.407307083582,261.647807192544
0.0585768172575515,-1.33375274454597,64.0817967011049,-244.07523582085,262.331987271926
0.0726789578632874,-1.28898731753081,64.2567956911411,-244.736565215982,263.016167351307
0.0772041420396054,-1.27406776156336,64.3135570172906,-244.927408248275,263.215259956343
0.0819006732544241,-1.25823918154398,64.3732593120439,-245.117304544943,263.414352561378
0.0993534853657642,-1.19632732269487,64.6030145612772,-245.761712946148,264.09853264076
0.118444172712714,-1.12191429666564,64.8760324661932,-246.388805584263,264.782712720142
0.124232620751272,-1.09775160519284,64.9645765314015,-246.567158038871,264.981805325177
0.130069454957178,-1.07246110870168,65.0574491803565,-246.743200761361,265.180897930213
0.150181960384075,-0.976514844421009,65.41220842928,-247.328046300113,265.865078009595
0.168978207379435,-0.867258283479887,65.8247657755445,-247.873270508828,266.549258088976
0.173937535964318,-0.833094255881758,65.9561704893933,-248.022899011295,266.748350694012
0.17858240980178,-0.798006935135987,66.0925444511869,-248.167896281267,266.947443299048
0.191202831745551,-0.671172334820176,66.5997805854007,-248.626461949916,267.631623378429
0.197951951067651,-0.53771160736393,67.1620069811614,-249.015311648343,268.315803457811
0.198682623157332,-0.498206868524536,67.3350411173195,-249.113831604833,268.514896062846
0.198931921252746,-0.458582344044241,67.5117608120716,-249.205537436043,268.713988667882
0.196353934272021,-0.32317427245609,68.1439077574439,-249.465783914604,269.398168747264
0.19053614090629,-0.190638313699894,68.8052016367014,-249.63941603997,270.082348826645
0.188625568078367,-0.152928531107568,69.0013526207103,-249.673378969049,270.281441431681
0.186751914927289,-0.115552697630242,69.1986568788787,-249.700013924105,270.480534036717
0.181995782573656,0.0104038470598519,69.8814240871401,-249.735767070716,271.164714116098
0.180543513449678,0.134236559442053,70.5633951088038,-249.686295498365,271.84889419548
0.180872435785037,0.170196504714118,70.760168575907,-249.656113974113,272.047986800515
0.181421597672157,0.206231146288624,70.9557309537599,-249.618890934378,272.247079405551
0.184635748781121,0.331429182493581,71.6149482537324,-249.437356228078,272.931259484933
0.188315320731501,0.458985492693526,72.2460090815152,-249.174312940994,273.615439564314
0.189174763179567,0.496592316931357,72.4228004779081,-249.082750847401,273.81453216935
0.189865356041797,0.534322977196066,72.5960471164875,-248.984663383996,274.013624774386
0.190464109364208,0.664603922044302,73.1604693041734,-248.598846638429,274.697804853767
0.188010632366082,0.794250384396697,73.6702275856246,-248.143216171628,275.381984933149
0.186666405014622,0.831558056330844,73.8070316200474,-247.998586227401,275.581077538184
0.185064208306013,0.868568487403942,73.9384643238927,-247.84901625498,275.78017014322
0.177511345331226,0.992777603066293,74.3464950210975,-247.300454296045,276.464350222602
0.166878063040515,1.11076541957295,74.6854426081598,-246.706519669747,277.148530301983
0.163222253454622,1.14362831787558,74.7708199052433,-246.526701252419,277.347622907019
0.15933172323408,1.17575288850273,74.8504089366877,-246.344170707253,277.546715512055
0.144197454145803,1.27970455993452,75.0797987540268,-245.700019421097,278.230895591436
0.127004725336806,1.37259748737255,75.244894619764,-245.036217465282,278.915075670818
0.121741888635784,1.39734956200386,75.2816210168071,-244.840586473677,279.114168275853
0.116425404540157,1.42107338729553,75.3136318649012,-244.644055615098,279.313260880889
0.0982518584391806,1.49445316971216,75.3900850713317,-243.96438693017,279.997440960271
0.0811161267696555,1.55575399989484,75.4206563345676,-243.280929795457,280.681621039652
0.0764915189616622,1.57142519036386,75.4220792205319,-243.081873303687,280.880713644688
0.072040922188971,1.58619913884751,75.4204546746471,-242.882774617229,281.079806249724
0.0581661938697589,1.63064536570185,75.3942117126063,-242.199185851429,281.763986329105
0.0459810320688417,1.66617676371065,75.3406584437268,-241.51711139696,282.448166408487
0.0426568129750137,1.67500749296394,75.3208270266161,-241.319022251389,282.647259013522
0.0393799218496242,1.68316454150989,75.2993027887313,-241.121090657646,282.846351618558
0.0281402403629791,1.70629148727535,75.2142866194518,-240.442242295746,283.53053169794
0.0163924331049477,1.72155464210375,75.1162518725014,-239.765116651362,284.214711777321
0.0127767914653006,1.72446916335832,75.0860485828358,-239.568333535963,284.413804382357
0.00907438774990383,1.72665183442722,75.0553544343099,-239.371621365835,284.612896987393
-0.00444083891071383,1.72828794062252,74.9480613323268,-238.695905083424,285.297077066774
-0.0188508350717007,1.72037110623439,74.8428917956285,-238.019861955589,285.981257146156
-0.0231497517873436,1.71618515024768,74.8136133572925,-237.822931888512,286.180349751191
-0.0274475875577243,1.71116187211886,74.7852398859002,-237.62588103768,286.379442356227
-0.0419353792138485,1.68735524058643,74.6970539540141,-236.947402059977,287.063622435609
-0.0551706992854126,1.65406480866272,74.6282757426403,-236.266743879121,287.74780251499
-0.0586335539994198,1.64271899693972,74.6128407515894,-236.068240226188,287.946895120026
-0.0618785443877254,1.63072588728717,74.599682176103,-235.869593113087,288.145987725062
-0.0710265976061022,1.58505774930009,74.5740255448573,-235.185933324511,288.830167804443
-0.0766209778647818,1.5343463716597,74.5813243553191,-234.501886627777,289.514347883825
-0.0774968529466225,1.51899110223828,74.5901360743042,-234.302981575903,289.71344048886
-0.0780336938710563,1.50349932606958,74.6019470467195,-234.10423762388,289.912533093896
-0.0771445929495184,1.45018389257183,74.6662429861507,-233.42317581759,290.596713173278
-0.0722129212413552,1.39885968741402,74.7660631075023,-232.746383684182,291.280893252659
-0.0700547149747054,1.38469539680526,74.8015568678644,-232.550486180746,291.479985857695
-0.0676077432399911,1.37097742497784,74.839723811501,-232.355075025678,291.679078462731
-0.057170260892169,1.32814514699588,74.9902868076249,-231.687748951283,292.363258542112
-0.0441551133896314,1.29333578009029,75.1666510437363,-231.026699685001,293.047438621494
-0.03998969821844,1.2849664156471,75.2220188140312,-230.835473068676,293.24653122653
-0.035690144011549,1.2774209023015,75.2788849246115,-230.64466766452,293.445623831565
-0.0201522150874272,1.25828407946516,75.4835793797942,-229.991851476833,294.129803910947
-0.00402307346774448,1.24998024604803,75.6972215552989,-229.341872863773,294.813983990328
0.000670622536187043,1.24965672564858,75.7600528127605,-229.152959176036,295.013076595364
0.00533175554517502,1.25024590612569,75.8228652785903,-228.964039181759,295.2121692004
0.0208193867771646,1.2592700745021,76.036062202827,-228.313915113184,295.896349279781
0.0349367987277505,1.27842183327587,76.2400698253864,-227.660883261246,296.580529359163
0.0386844522158027,1.28576274068457,76.2967560900978,-227.470024744728,296.779621964199
0.0422480882146477,1.29381910005299,76.3520017286031,-227.278759666152,296.978714569234
0.0528379717545635,1.32650587613951,76.5286523668971,-226.617789945904,297.662894648616
0.0606429383569401,1.36548534724132,76.6815011602789,-225.950966645981,298.347074727997
0.0623499630640922,1.37773683661992,76.7208789021761,-225.755799180955,298.546167333033
0.0638142440857978,1.39030583027439,76.7578759399097,-225.560177854447,298.745259938069
0.0669506775900959,1.43518788488008,76.8656202149763,-224.88458806276,299.42944001745
0.0674794229040631,1.48132376065319,76.942522033067,-224.204809639069,300.113620096832
0.0672052451322147,1.49472863508593,76.9589574328166,-224.006395891226,300.312712701868
0.0667725276399785,1.50807627359077,76.9727698325137,-223.807781084939,300.511805306903
0.0643454780987832,1.55298511104755,77.0001930982056,-223.124215912282,301.195985386285
0.0609594938371001,1.59590536753998,76.9975858726595,-222.440085934453,301.880165465666
0.0598874865312054,1.60792728540192,76.9913779448645,-222.241094591385,302.079258070702
0.0587884091334409,1.61974229108603,76.9828091345057,-222.042183744746,302.278350675738
0.0549419377644125,1.65865079647362,76.9358991177242,-221.359665612715,302.962530755119
0.0510518550130561,1.69491270375509,76.8633762953003,-220.679369334993,303.646710834501
0.0499237033604062,1.7049633107018,76.8377322811797,-220.481939724561,303.845803439537
0.04879165513577,1.7147893308277,76.8101287759192,-220.284767487767,304.044896044572
0.0448695076031819,1.74683532852084,76.7009678007446,-219.609388839024,304.729076123954
0.040851827076648,1.77616519011809,76.5711335179686,-218.937658607233,305.413256203335
0.0396560901893811,1.78418045284674,76.5297478076404,-218.742918648406,305.612348808371
0.038448110392878,1.79195607716973,76.4868269661086,-218.548505292781,305.811441413407
0.0341955274649167,1.81681431345443,76.3283007758095,-217.882968296492,306.495621492788
0.0298101492065466,1.83871758925405,76.1542552734888,-217.221303904115,307.17980157217
0.0285136391897708,1.84452323992031,76.1009882239425,-217.029472284431,307.378894177206
0.0272124611314039,1.8500724328379,76.0466322180016,-216.837941750016,307.577986782241
0.0227305694869332,1.8671522888252,75.8522592083982,-216.181965792964,308.262166861623
0.0183391336630088,1.88119666786665,75.6476987587002,-215.529083654648,308.946346941005
0.017098259485006,1.884722209487,75.5865511260295,-215.339615666058,309.14543954604
0.0158806158199756,1.88800544021537,75.5247539918368,-215.150355812426,309.344532151076
0.011936128561364,1.89749734929562,75.3081277136809,-214.501380189083,310.028712230457
0.00841121696634644,1.90443405142556,75.0861763977483,-213.854201336338,310.712892309839
0.00747329041037872,1.90601381085372,75.0208292383711,-213.666139329771,310.911984914875
0.00657110820470604,1.90740990535377,74.9551960627034,-213.478175949547,311.11107751991
0.00373705620154292,1.9109173006002,74.7279863605995,-212.832825623002,311.795257599292
0.00123493653634762,1.9125992446688,74.4991025940154,-212.188065983922,312.479437678674
0.000554042555986808,1.91277837171696,74.4323533753607,-212.00049639534,312.678530283709
-0.000110858636400183,1.91282146500431,74.3655800879572,-211.812935290977,312.877622888745
-0.00232216333011629,1.91198549738563,74.1362983734477,-211.168317195541,313.561802968126
-0.00446936143490126,1.90965852937161,73.9080365671423,-210.523337811757,314.245983047508
-0.00509152490133415,1.9087076223954,73.8419432185415,-210.335535848494,314.445075652544
-0.00571090118023046,1.90763308388323,73.7760388514651,-210.14766788515,314.644168257579
-0.00780927490305539,1.90300244331962,73.5513352548687,-209.501439843827,315.328348336961
-0.00981077955610334,1.89696927519968,73.3300810052665,-208.854024512629,316.012528416343
-0.0103655764551483,1.89495971831662,73.2664762028529,-208.665365022702,316.211621021378
-0.0109063401197644,1.89284124729048,73.2032591321998,-208.476575959251,316.410713626414
-0.0126381045334606,1.88477790731632,72.989268780147,-207.826722825904,317.094893705796
-0.0142116655411962,1.87558384843755,72.7808943546751,-207.175049579711,317.779073785177
-0.0146469602685052,1.87271156480833,72.721421235076,-206.985047107696,317.978166390213
-0.0150804392871421,1.86974915500509,72.6625034406466,-206.794872593572,318.177258995248
-0.0165880908543642,1.85892779439253,72.4644800205521,-206.139978718318,318.86143907463
-0.0183084604621915,1.84700215988806,72.2739183983923,-205.482877804007,319.545619154012
-0.0188837515078986,1.84330356749022,72.2199751359195,-205.291231930511,319.744711759047
-0.0195061454388777,1.83948011457415,72.1667626031978,-205.099383600374,319.943804364083
-0.0221212008221215,1.82529149307486,71.989707779461,-204.438513122647,320.627984443465
-0.0256426673141127,1.80900362856371,71.8227452103638,-203.775028595949,321.312164522846
-0.02686933531759,1.80378068030639,71.7762608474019,-203.581437566498,321.511257127882
-0.0281854531409847,1.79830394190754,71.7308294141599,-203.387601416539,321.710349732917
-0.0334452746640531,1.77727866504526,71.5833098840527,-202.719519468761,322.394529812299
-0.0397220435165755,1.7523068355235,71.451196239802,-202.04824220611,323.078709891681
-0.0417161262262729,1.74419906201832,71.4160353971309,-201.852275846235,323.277802496716
-0.0437633771050047,1.73569817172387,71.3825125538518,-201.65603286182,323.476895101752
-0.0510962324755666,1.70324876326222,71.280885305623,-200.979458159488,324.161075181134
-0.058448716797988,1.66577564636213,71.2029713718158,-200.29978467509,324.845255260515
-0.060509053644626,1.65392561710871,71.1852574048178,-200.101475835965,325.044347865551
-0.0624992624069736,1.64168773777243,71.1699185533558,-199.902982530055,325.243440470587
-0.0686127835089084,1.59674274331259,71.1366029483094,-199.219657420359,325.927620549968
-0.0730974445254465,1.54817221631118,71.1352571037773,-198.535560613819,326.61180062935
-0.0740017465641962,1.53351731528052,71.1412314259915,-198.336552843345,326.810893234385
-0.0746969302211101,1.51871945398235,71.1500889515039,-198.137657472158,327.009985839421
-0.0751524872268909,1.46725783716116,71.2033176342039,-197.455630790699,327.694165918803
-0.0721067965680925,1.41668227926414,71.2912518202002,-196.777194819592,328.378345998184
-0.0704678151152869,1.4024751239154,71.3232463479102,-196.580693255306,328.57743860322
-0.0684896593364402,1.3886314193582,71.3579313934424,-196.384634034105,328.776531208256
-0.0589137023957715,1.34481895930892,71.4970129989981,-195.714823755928,329.460711287637
-0.045320575394652,1.30893241210488,71.6626826258264,-195.051015338573,330.144891367019
-0.0406643062421712,1.30037264944451,71.7150930188736,-194.858957357922,330.343983972054
-0.0357539422998447,1.29274053482777,71.7690177724686,-194.667299120523,330.54307657709
-0.0172370473394758,1.2745382770272,71.9635059863725,-194.01136991488,331.227256656472
0.00258771472522629,1.26945231820014,72.165628720875,-193.357716452884,331.911436735853
0.00836999007044159,1.27056440289908,72.224643154869,-193.167575377916,332.110529340889
0.0140747551566091,1.27278278610231,72.2833538906245,-192.977344736196,332.309621945925
0.0324072981330999,1.28885774515946,72.4796123657598,-192.321904329375,332.993802025306
0.0476895634249989,1.31643199531134,72.6615059180186,-191.662392434663,333.677982104688
0.0513608100547718,1.32631657257772,72.710640038523,-191.469447467681,333.877074709723
0.0546658911376412,1.33687956642936,72.7578602569125,-191.276043086144,334.076167314759
0.0628603071377631,1.37735844275536,72.9031555531404,-190.6075020516,334.760347394141
0.066243104065223,1.42179776831126,73.019940544891,-189.933434812387,335.444527473522
0.066340439099651,1.4350010616495,73.0481538936289,-189.736346294404,335.643620078558
0.0660890812341855,1.44820437516129,73.0738292320609,-189.538912197031,335.842712683594
0.0627592501064742,1.49245021660695,73.1422572190859,-188.858230901292,336.526892762975
0.0564808853694373,1.53340918994788,73.1816394742754,-188.17522128279,337.211072842357
0.054263838431088,1.54442125805651,73.1879509914836,-187.976234970243,337.410165447392
0.0519248534456893,1.55500357213506,73.1921417708194,-187.777180374232,337.609258052428
0.0434026118161412,1.58762208621899,73.1914526239408,-187.0930463099,338.29343813181
0.0347411487892443,1.61436222609497,73.1704624113288,-186.409194175908,338.977618211191
0.0323093495389464,1.62102562403488,73.1611191468425,-186.210327533456,339.176710816227
0.0299222763626734,1.62722035710687,73.1504913539866,-186.011515947343,339.375803421263
0.0222661802824691,1.64502190595292,73.1055497598632,-185.328829319711,340.059983500644
0.0155151504673013,1.65789492052959,73.0501421208827,-184.646895041087,340.744163580026
0.0137314548010526,1.66080396408867,73.0325369647886,-184.448585020979,340.943256185062
0.0120170970583362,1.66336349199936,73.0143766093944,-184.250321702057,341.142348790097
0.00662010313068997,1.66970389560842,72.9487777013677,-183.569296353644,341.826528869479
0.00184043691052519,1.6725629651436,72.8800466008487,-182.888576312119,342.51070894886
0.000537630972796347,1.6728016036717,72.8597981171262,-182.690516531122,342.709801553896
-0.000730981456928426,1.67278158111455,72.839520118388,-182.492459557209,342.908894158932
-0.00488695882894026,1.67084285131494,72.7703689406679,-181.811782475985,343.593074238313
-0.00874672674234335,1.66616201489249,72.7034712309606,-181.130882308219,344.277254317695
-0.0098178661996623,1.66431392125345,72.6846955442308,-180.932676609945,344.47634692273
-0.0108602450599791,1.66225643621439,72.6663005819395,-180.734436389397,344.675439527766
-0.0142029870458371,1.65365657841414,72.6066218162113,-180.052864472738,345.359619607148
-0.0170901343394419,1.642925537543,72.5535337466997,-179.370752266873,346.043799686529
-0.0178287834049232,1.63944726379002,72.539532581886,-179.172151853521,346.242892291565
-0.0185171876975718,1.63582875928347,72.5262266672349,-178.973505064446,346.441984896601
-0.0204649096704639,1.62245476481262,72.4862681668661,-178.290496648821,347.126164975982
-0.0217354900049469,1.60797982117769,72.4558237639182,-177.607001563249,347.810345055364
-0.0219724665386562,1.60362735056176,72.4488605808809,-177.408030327541,348.0094376604
-0.0221513379369668,1.5992328384805,72.442756446531,-177.209031420672,348.208530265435
-0.0223099523911717,1.58398660736895,72.4285238900581,-176.525006164564,348.892710344817
-0.0218289714010564,1.56885065463847,72.4246834646481,-175.840843252267,349.576890424198
-0.0215814458364869,1.56452966147791,72.4255074176733,-175.641752574606,349.775983029234
-0.021293584861663,1.56025970275072,72.4271776806462,-175.442666591084,349.97507563427
-0.0200047544985781,1.54610963002797,72.4392844542292,-174.758600543214,350.659255713651
-0.0183244101611509,1.53297528239637,72.4607219386342,-174.074760145029,351.343435793033
-0.0177755398700987,1.52938247372994,72.4686126754883,-173.87582459463,351.542528398069
-0.0172060025133686,1.52589851147984,72.4772031527663,-173.676916914699,351.741621003104
-0.0151353335991286,1.51482956258146,72.5117755638035,-172.993615691032,352.425801082486
-0.0129717076842874,1.50520912376922,72.5534146854802,-172.310705247793,353.109981161867
-0.0123401989938231,1.50269083490989,72.5667163031845,-172.112058088147,353.309073766903
-0.0117109195736767,1.50029621647943,72.5805059671637,-171.913443282144,353.508166371939
-0.00959732495907157,1.49301292992487,72.631265808158,-171.231151092028,354.19234645132
-0.00758987193330187,1.48713941272118,72.6865130650451,-170.54920547186,354.876526530702
-0.00703135357237916,1.48568464052463,72.7032943396196,-170.350821712489,355.075619135738
-0.00648440269360923,1.48433920094949,72.720355704866,-170.152461352684,355.274711740773
-0.00470477399245652,1.48052102869882,72.7808012902235,-169.470957367396,355.958891820155
-0.00309235821547411,1.47786324107832,72.8434533275417,-168.7896518225,356.643071899536
-0.00265688261948439,1.47729139125661,72.8619856607618,-168.591423756291,356.842164504572
-0.00223715154117198,1.47680418464718,72.8806261905407,-168.39320567783,357.041257109608
-0.000920067593150205,1.47573617751075,72.9452498659648,-167.712084512,357.725437188989
0.000185737197749785,1.47549701647918,73.0103187092331,-167.031005605664,358.409617268371
0.000464615504647677,1.47556237393966,73.0292560175747,-166.832815700199,358.608709873407
0.000723312236625586,1.47568113444562,73.0481789353779,-166.634624420737,358.807802478442
0.00144858770202685,1.47643808629787,73.1129224072484,-165.953514528544,359.491982557824
0.00192890106252929,1.47760745807942,73.1770098217165,-165.272342684046,360.176162637205
0.00202428972457466,1.47800116520492,73.195495367918,-165.074110103047,360.375255242241
0.00210208649235714,1.47841269360625,73.21390460853,-164.875870440564,360.574347847277
0.00224176724581205,1.47990836005208,73.2765144145602,-164.194561177034,361.258527926658
0.00221171464826666,1.48144152919812,73.3380923613465,-163.513157890332,361.94270800604
0.0021763558487156,1.48187805939959,73.3558136957958,-163.314855545734,362.141800611076
0.00213087819427893,1.48230751285968,73.3734510864201,-163.116545710865,362.340893216111
0.00191703479987075,1.4836955048369,73.4334319950453,-162.434999989208,363.025073295493
0.00164634215522507,1.48491774186128,73.4925233620233,-161.753376516925,363.709253374874
0.00156296500063007,1.48523669201949,73.5095677248827,-161.555014848305,363.90834597991
0.00147838370882971,1.48553976895053,73.5265506893168,-161.356647899194,364.107438584946
0.00119050084682478,1.48645144095791,73.5844894011602,-160.67492549556,364.791618664327
0.000925889335221332,1.48717411014309,73.6418710132033,-159.99315593864,365.475798743709
0.000856822277021961,1.48735118519267,73.6584825777706,-159.794757554004,365.674891348745
0.00079191523285846,1.48751516394702,73.6750597118588,-159.59635628211,365.87398395378
0.000603346883748312,1.48798966042598,73.7318050482783,-158.914533480102,366.558164033162
0.000464042650566855,1.48835199496024,73.7882650953933,-158.232686983984,367.242344112544
0.000431978350355813,1.4884411990848,73.8046520366117,-158.034269916016,367.441436717579
0.000403038484960431,1.48852414962114,73.821021204978,-157.835851379004,367.640529322615
0.000328887357382257,1.48877268595827,73.8771597230085,-157.153978337801,368.324709401996
0.000287152315304448,1.48898157879102,73.9331422854322,-156.472092472673,369.008889481378
0.000279823173575975,1.48903810032444,73.949407483394,-156.273665386378,369.207982086414
0.000273954189820213,1.48909298237932,73.9656614576711,-156.07523737995,369.407074691449
0.000255322259238131,1.48927470168939,74.021436180068,-155.393334483833,370.091254770831
0.000225130063307662,1.48943971875209,74.0770926814128,-154.711421927744,370.775434850213
0.000211554235986309,1.48948346597538,74.0932678416552,-154.512987481334,370.974527455248
0.000195891451533554,1.48952440929634,74.1094346725409,-154.314552355854,371.173620060284
0.000128707223982819,1.48963546238816,74.1649376263222,-153.632627285077,371.857800139666
6.13279946665619e-05,1.48970048266168,74.2203805455423,-152.950697329725,372.541980219047
4.55352090367922e-05,1.4897107374371,74.2365073533872,-152.752258947861,372.741072824083
3.30901341403581e-05,1.48971876981574,74.2526318098623,-152.553820374798,372.940165429118
2.14077511615642e-05,1.489733766725,74.3080383803416,-151.871887465345,373.6243455085
7.36782588734959e-05,1.48976264842746,74.3634299896672,-151.189953340545,374.308525587882
0.000103868444437545,1.4897799373349,74.3795444720398,-150.991513957249,374.507618192917
0.000141767844805841,1.48980458609953,74.3956531715444,-150.793074105772,374.706710797953
0.000340670342254636,1.48996241792262,74.4509619200025,-150.111133252717,375.390890877335
0.000665951417798692,1.49029956772501,74.5061018918579,-149.429178742228,376.075070956716
0.000788103203563827,1.49044376180916,74.5220980736272,-149.230729785796,376.274163561752
0.000923450294757364,1.49061412258408,74.5380604164459,-149.032278122566,376.473256166787
0.00149847622524874,1.49143220261671,74.5926076765704,-148.350275920387,377.157436246169
0.00225655758886813,1.49270632537649,74.6464414550312,-147.668217137888,377.841616325551
0.00251394163548034,1.49318071463619,74.6619281434074,-147.469727754445,378.040708930586
0.00278766482132584,1.49370785295377,74.6773123644116,-147.27123049703,378.239801535622
0.00385694958631848,1.49597065833239,74.7292758110322,-146.58902655531,378.923981615004
0.0051060296094316,1.49902655321338,74.7794248227483,-145.906687316864,379.608161694385
0.00549961630069075,1.50008241786588,74.7935994204829,-145.708099861632,379.807254299421
0.00590431214260448,1.50121686981274,74.8075544186254,-145.509497127384,380.006346904457
0.00736167403875492,1.50575119699619,74.8536313934921,-144.826870526192,380.690526983838
0.00888629113845676,1.51130562949268,74.8962643031431,-144.144021352913,381.37470706322
0.00933582378273809,1.51312015164823,74.9079232578083,-143.945270237273,381.573799668255
0.00978761736315958,1.51502409574659,74.9192119213584,-143.746498258664,381.772892273291
0.0113388700777772,1.52225047315933,74.9549425614061,-143.063252611169,382.457072352673
0.0129038650420274,1.53054288786423,74.9853705483144,-142.379752172449,383.141252432054
0.0133648201222039,1.53315752349068,74.9931241097714,-142.180810333023,383.34034503709
0.0138328339374568,1.53586668518755,75.0003459167737,-141.981849293186,383.539437642126
0.0155192896832909,1.54589456991043,75.0208807642537,-141.297979210973,384.223617721507
0.0174369900143219,1.55715540052869,75.0341352391992,-140.613932288079,384.907797800889
0.0180591668863727,1.56068652615581,75.0365034645117,-140.414853354454,385.106890405924
0.0187163250141757,1.56434694061427,75.0381494731477,-140.215768703886,385.30598301096
0.0213054212006958,1.57800787405065,75.037999944466,-139.531591563201,385.990163090342
0.02442257686754,1.59362085941002,75.0278367929641,-138.847496411618,386.674343169723
0.0254317746488924,1.59858264181715,75.0228070530534,-138.648466420452,386.873435774759
0.0264795912284939,1.6037478549664,75.0167625218741,-138.449467919771,387.072528379795
0.0303663809697135,1.6231748024835,74.9877389453288,-137.765909637525,387.756708459176
0.0345950696180707,1.64537797432499,74.9444957261382,-137.08311663452,388.440888538558
0.0358708188024306,1.65239400369052,74.9289714331956,-136.884628320001,388.639981143593
0.0371587239858701,1.65966138736882,74.9120285591711,-136.68626157518,388.839073748629
0.0416303358118584,1.68661800749024,74.8423023735128,-136.005657244086,389.523253828011
0.0460376219762717,1.71661201017762,74.753230531023,-135.327333415748,390.207433907392
0.0472826433853278,1.72590431556655,74.7233905524441,-135.130487006097,390.406526512428
0.0485025749731107,1.73543763881866,74.6917059621459,-134.933935940581,390.605619117464
0.0524410335762364,1.76999942313168,74.5680682770786,-134.261046706352,391.289799196845
0.0558536436418878,1.80707593481737,74.420419727377,-133.593036226772,391.973979276227
0.0567230095380213,1.8182857429846,74.3727278939891,-133.399737664355,392.173071881262
0.0575301583526881,1.82965847651242,74.322871268051,-133.206991680166,392.372164486298
0.0597756144807096,1.86984052993751,74.134559083928,-132.549280744345,393.05634456568
0.0610929475813024,1.91124137807122,73.9195892410883,-131.899805871969,393.740524645061
0.0612813477110168,1.92342664140479,73.8519608426724,-131.712550596743,393.939617250097
0.0613765980059759,1.93563679305331,73.7820728669841,-131.526127667566,394.138709855133
0.0609440478632493,1.97755401603207,73.5245955203396,-130.892301464926,394.822889934514
0.0592390541543139,2.01874000654976,73.2410123445781,-130.269709864653,395.507070013896
0.0584860087384673,2.03046266989092,73.1537204828118,-130.090776670388,395.706162618931
0.057613607174198,2.04202127410188,73.0643715872979,-129.912855281417,395.905255223967
0.053668260591795,2.08017582575444,72.7420577413628,-129.309410639141,396.589435303349
0.0482122048690719,2.1151142513193,72.3978991752225,-128.71812119677,397.27361538273
0.0463326638779224,2.12452877147179,72.293987132905,-128.548303274402,397.472707987766
0.0443218788437588,2.13355551613243,72.1885309734643,-128.379427659664,397.671800592802
0.0364041256313649,2.16125933816013,71.8152600318193,-127.806083558246,398.355980672183
0.0269383597471887,2.18301643145011,71.4279073501856,-127.242116853368,399.040160751565
0.0238955662651701,2.18807869028561,71.3130633640857,-127.079492836323,399.2392533566
0.0207274383797706,2.19252462549352,71.1974635833765,-126.917395363609,399.438345961636
0.00886510657414917,2.20272827162124,70.795744809951,-126.363578422613,400.122526041018
-0.00440617446513494,2.20433395913326,70.3907561166896,-125.812133794067,400.806706120399
-0.00851360183964296,2.20304792193071,70.272976389423,-125.651617862986,401.005798725435
-0.0127121104142941,2.20094453791742,70.1554845960071,-125.490897565164,401.204891330471
-0.0277529135806995,2.18712885829338,69.7556601025851,-124.93568875451,401.889071409852
-0.0432673120705267,2.162860548522,69.3665052018141,-124.373005182261,402.573251489234
-0.0477815508607923,2.15378874441048,69.2561264701654,-124.207301710042,402.772344094269
-0.0522552721818885,2.14384016733515,69.1473326445511,-124.040582608711,402.971436699305
-0.067019417436344,2.10294720828298,68.7877515597254,-123.458527521047,403.655616778687
-0.0802001945229801,2.05249456963798,68.4551638816104,-122.860751717351,404.339796858068
-0.0836183370655302,2.0361728728341,68.3643656604698,-122.683552138664,404.538889463104
-0.086824556721774,2.01920436694166,68.2765035438851,-122.50491236205,404.73798206814
-0.0959771005117123,1.95649666748,67.9991326994964,-121.879569562564,405.422162147521
-0.10209407010124,1.88856541958029,67.7631832749053,-121.237533995378,406.106342226903
-0.103276573623877,1.86811454806249,67.7029354381857,-121.047765706965,406.305434831939
-0.104205158881277,1.84745122769702,67.6465505537589,-120.856827578102,406.504527436974
-0.105445842566082,1.77557603912231,67.4834927528753,-120.192514433716,407.188707516356
-0.103956207031381,1.70378601449582,67.3685127183877,-119.518213833573,407.872887595737
-0.103064579475776,1.68317947009582,67.3441796782249,-119.320617400871,408.071980200773
-0.101991007672597,1.66275828063909,67.323860958271,-119.122557920502,408.271072805809
-0.0971663197870298,1.59454867600312,67.2845303674053,-118.439663928482,408.95525288519
-0.0909408326148718,1.53011922619124,67.2905261157415,-117.755607404322,409.639432964572
-0.0889333946206312,1.51221813995057,67.3004249552556,-117.556772902527,409.838525569608
-0.0868424397893229,1.49471558104804,67.3138202963527,-117.358122267239,410.037618174643
-0.0791260071064673,1.43790430383514,67.3854809505718,-116.677823864661,410.721798254025
-0.0707935150914826,1.38658320390913,67.4938019082171,-116.002323810663,411.405978333406
-0.0682918540387549,1.37274076319785,67.5316374515984,-115.806872074427,411.605070938442
-0.0657692050615586,1.3593921893847,67.5721238529284,-115.611931584601,411.804163543478
-0.0570594625321589,1.31738069086356,67.7300199615049,-114.946293004836,412.488343622859
-0.0484718852286655,1.2812864331706,67.9137950329994,-114.28727500886,413.172523702241
-0.0460306797354067,1.27188268657624,67.9715340762748,-114.09674824156,413.371616307277
-0.0436207577842511,1.26295772666908,68.0310251246352,-113.90674692774,413.570708912312
-0.0356440510557875,1.23587276863757,68.247417398814,-113.257722577472,414.254888991694
-0.0282065632538534,1.21406085302476,68.4796202365179,-112.614154171801,414.939069071075
-0.0261561205870508,1.20865125473007,68.5496516605617,-112.427790154379,415.138161676111
-0.0241585289477574,1.20364271847882,68.6206648552967,-112.241790796187,415.337254281147
-0.0177082424897353,1.18935975808352,68.871030315276,-111.605076327817,416.021434360528
-0.0119462854699793,1.17925448454424,69.1291454230344,-110.971451307572,416.70561443991
-0.0104075801228633,1.17703107286368,69.2053250496221,-110.787511581463,416.904707044946
-0.00893531525869752,1.17510550105215,69.2818997906127,-110.603733648228,417.103799649981
-0.00443894291636167,1.17058426528696,69.5471846810823,-109.973079722272,417.787979729363
-0.000889071292925056,1.16881556943938,69.8144524105377,-109.343261407449,418.472159808744
-4.78069080254686e-05,1.1687250242396,69.8923490441854,-109.160040548303,418.67125241378
0.000709252805552526,1.16879436754395,69.9702620034025,-108.976826427107,418.870345018816
0.00265675814727837,1.16999678181131,70.2376306563247,-108.34705145372,419.554525098197
0.00371089435813475,1.17222602775653,70.5039181732503,-107.716819018679,420.238705177579
0.00387237465113309,1.17297992551279,70.5811103751362,-107.533299923048,420.437797782615
0.00398361976188146,1.17376756644688,70.6581694245586,-107.349724961616,420.63689038765
0.00406345698155164,1.17653079503812,70.921855641123,-106.718399641476,421.321070467032
0.00396081963356795,1.17928622393255,71.1837988249429,-106.086349124649,422.005250546413
0.00395041503254707,1.18006866506878,71.2596958525354,-105.902290698758,422.204343151449
0.00396618381155329,1.1808592005047,71.3354438729438,-105.718170960416,422.403435756485
0.0043673718448688,1.18366875310294,71.5946597125152,-105.084996888924,423.087615835866
0.00549247081815877,1.18700043328385,71.8519299624837,-104.451030190704,423.771795915248
0.0059908468904813,1.18813905377488,71.9263809231568,-104.266382034543,423.970888520284
0.00656505918450111,1.18938620124585,72.0005986953773,-104.081640590141,424.169981125319
0.00917079207263213,1.19471793291314,72.2536878799254,-103.445992396495,424.854161204701
0.0126771003861005,1.20214053299767,72.5027172190806,-102.808745985262,425.538341284083
0.0138516962970119,1.20478159274681,72.5742284277058,-102.622939062469,425.737433889118
0.0150822940860539,1.20765729137371,72.6452164379916,-102.436933884771,425.936526494154
0.0196642830066624,1.21952510923461,72.8846180972561,-101.796005896255,426.620706573535
0.0245732047292116,1.23463967309413,73.1153481158414,-101.151915972017,427.304886652917
0.0260217577195474,1.23967986905345,73.1805550323411,-100.963802837171,427.503979257953
0.0274682841607437,1.24500284886485,73.2447847608016,-100.775358458292,427.703071862988
0.0323249527068957,1.26547422595462,73.4572903112973,-100.125023483318,428.38725194237
0.0368886051249243,1.28916820101693,73.6553799738954,-99.4701704706836,429.071432021752
0.038139787480705,1.29663957947668,73.7099991104241,-99.2787140666975,429.270524626787
0.0393566234006907,1.304355583674,73.7631672192376,-99.0868554810271,429.469617231823
0.0432566280778887,1.33263863043711,73.9340950031862,-98.4243877253925,430.153797311204
0.0467729392835527,1.36345872499495,74.0853717019433,-97.7571757639592,430.837977390586
0.047733979555849,1.37286609438874,74.1254390872957,-97.562154374423,431.037069995622
0.048671383493087,1.38246332153676,74.1636565124851,-97.3667677535455,431.236162600657
0.0517403220840223,1.41682630782151,74.2802916477329,-96.6926306451436,431.920342680039
0.0545787610357332,1.45321014912429,74.3730125544882,-96.0148068289868,432.604522759421
0.0553624985468214,1.464154612951,74.3952871606826,-95.8169624029394,432.803615364456
0.0561228842106231,1.47525335867385,74.4153853274226,-95.6188901635157,433.002707969492
0.0585229448044257,1.51449029858109,74.4673639572682,-94.9367262074727,433.686888048874
0.0606117941899849,1.55526284988134,74.4920216269175,-94.2530433318421,434.371068128255
0.0611647057149576,1.56738533653286,74.4939058201932,-94.0539584793599,434.570160733291
0.0617017062095554,1.57961534677568,74.4933747280172,-93.8548692745873,434.769253338326
0.0632771069517059,1.62239806299297,74.4727592802917,-93.1710487527652,435.453433417708
0.0643489724993815,1.66608638264042,74.4226122233395,-92.4887668752082,436.13761349709
0.0645502828643291,1.67892012850335,74.4023933916791,-92.2907034332789,436.336706102125
0.0647138933644109,1.69179168332756,74.3796383346288,-92.0929171335103,436.535798707161
0.0650532318904833,1.73619253706653,74.2820166625305,-91.415793534028,437.219978786543
0.0652380021636063,1.78077268320542,74.1543812318708,-90.7436826293464,437.904158865924
0.0652985671617218,1.79376376629625,74.1116170024462,-90.5492381261115,438.10325147096
0.0653696545511244,1.80677103202826,74.0663304471736,-90.3553665223999,438.302344075996
0.0657843043286526,1.85162212402784,73.8915314924709,-89.6939504953768,438.986524155377
0.0664685497814884,1.89684913714039,73.6871364415942,-89.0410774474853,439.670704234759
0.066719367621096,1.91010701694771,73.6221191555389,-88.8529011631947,439.869796839794
0.0669809571965626,1.92341171961995,73.5546109294598,-88.6656058478333,440.06888944483
0.0679220802790868,1.96957207501581,73.3036211172992,-88.0291889730771,440.753069524212
0.0686637830321924,2.01630810836856,73.0233599251953,-87.4051155422791,441.437249603593
0.0687924257213799,2.0299965963454,72.9363374458207,-87.2260491895565,441.636342208629
0.0688622993329891,2.04369659082594,72.8468836753003,-87.0481848115086,441.835434813665
0.0685054028693997,2.09075570152096,72.5210123835775,-86.4466698119616,442.519614893046
0.0669735877249042,2.137168702787,72.167396137771,-85.8610271187409,443.203794972428
0.0662601822159094,2.15043795764822,72.0594457311947,-85.6937442782438,443.402887577463
0.0654224582481568,2.16354907648937,71.9493160303119,-85.5278803602242,443.601980182499
0.0615022359344129,2.20705963767527,71.5547333955038,-84.969027026695,444.286160261881
0.055987915493992,2.24734273575593,71.1370741953273,-84.4271640530101,444.970340341262
0.0540874594417879,2.25830221252692,71.0115601175321,-84.2726270415532,445.169432946298
0.0520676810526251,2.26887629017633,70.8843998833532,-84.1194261682762,445.368525551334
0.0442805121292119,2.30189468882982,70.4358369551164,-83.6028697207943,446.052705630715
0.0354648170815808,2.32923341308847,69.9718663693667,-83.1000536100097,446.736885710097
0.0327593546096059,2.33602104114132,69.8344343635124,-82.9560129611975,446.935978315132
0.0300053934044036,2.34227051237966,69.6960674484181,-82.8128559050773,447.135070920168
0.0203455632027735,2.35950892365675,69.2145929951729,-82.326788489617,447.81925099955
0.0104428051529743,2.37005516834245,68.7263975986451,-81.8474415920193,448.503431078931
0.00752689204899267,2.37184319518652,68.5835500546955,-81.7087648811408,448.702523683967
0.00457625656727727,2.37304157680708,68.4405012551671,-81.5702921973367,448.901616289003
-0.00591768213668565,2.37263774535233,67.9484285031199,-81.0949296833177,449.585796368384
-0.0173772766354771,2.36472382885289,67.458342070081,-80.6175297940622,450.269976447766
-0.0209716826470782,2.36091548711032,67.3166174832248,-80.4776988601003,450.469069052801
-0.0247039777647306,2.35636973323897,67.1755041914961,-80.3372669393272,450.668161657837
-0.0388211595718707,2.3347581367724,66.6964574770331,-79.8487700702201,451.352341737219
-0.055038144455037,2.30276952401875,66.2307153194973,-79.3476588934764,452.0365218166
-0.0601703082900401,2.29130575928934,66.0984717323867,-79.1988174342788,452.235614421636
-0.0654539786455009,2.27881850488517,65.9680616695913,-79.0484192344314,452.434707026672
-0.0847246609741189,2.22749028629614,65.5360170033982,-78.5179238668561,453.118887106053
-0.104809132547131,2.16269906154686,65.1355785551997,-77.9634031856334,453.803067185435
-0.110635329065521,2.14123646970252,65.0262393044006,-77.7969881100209,454.00215979047
-0.11636505673751,2.11866024560537,64.9205970351711,-77.6282842496922,454.201252395506
-0.13469082482948,2.03257756773677,64.5892071836117,-77.0298590908447,454.885432474888
-0.149526961146382,1.93515053267272,64.3140976459603,-76.4038221332409,455.569612554269
-0.152930267634994,1.9050114037786,64.2459755860027,-76.2167104070745,455.768705159305
-0.155878733919898,1.87425917108218,64.183495364256,-76.0276915635792,455.967797764341
-0.161923940364305,1.765189416375,64.014942184458,-75.3649305676219,456.651977843722
-0.16178436724999,1.65409940332753,63.9201504061179,-74.68772486015,457.336157923104
-0.160609647162412,1.62200033173758,63.9068444520098,-74.4890762089783,457.535250528139
-0.159015738293748,1.59015746059359,63.8997839400856,-74.2900884132214,457.734343133175
-0.150549373405815,1.48405643266304,63.9232444999296,-73.6066948789139,458.418523212557
-0.138542070888441,1.38495924242778,64.0165356237751,-72.9291273608882,459.102703291938
-0.134587536933484,1.35778559641399,64.0560288211851,-72.7340235759857,459.301795896974
-0.130489575730088,1.33138837200543,64.1006945932832,-72.5399791758782,459.50088850201
-0.11590396036216,1.24708379599252,64.2912856201825,-71.8831651040655,460.185068581391
-0.101041199160103,1.17285321628925,64.5333254463562,-71.2433250268133,460.869248660773
-0.096758474067287,1.15317198942046,64.6122904179704,-71.0605966230792,461.068341265808
-0.0924735481598972,1.13434154896431,64.6947658831766,-70.8793695587213,461.267433870844
-0.0777020678825248,1.07609896349319,65.0023814701531,-70.2684054774416,461.951613950226
-0.0624534812015185,1.02812594391939,65.3420492918296,-69.6745196733368,462.635794029607
-0.0578504843583727,1.01614188072811,65.4458929135025,-69.5046781270954,462.834886634643
-0.0531589301802741,1.0050859853191,65.5516903661181,-69.336008407911,463.033979239679
-0.036195046602985,0.974456059167334,65.9277656731602,-68.7645223951827,463.71815931906
-0.0181293357844373,0.955809408352794,66.317843481674,-68.2024189081963,464.402339398442
-0.0127032301121662,0.952742363168602,66.4329759352706,-68.0400042061732,464.601432003477
-0.00725015052205694,0.950741086796882,66.5485233022764,-67.8778749061145,464.800524608513
0.0114320781962177,0.952226572844806,66.9462546133153,-67.3211695829226,465.484704687895
0.0291515736422453,0.966164726156909,67.3396683752185,-66.7614315581986,466.168884767276
0.0339628310508565,0.972465227961308,67.4523373761337,-66.5972804571183,466.367977372312
0.0385725240766896,0.979682498045782,67.56391730546,-66.4324063664776,466.567069977348
0.052436871390799,1.0110157635234,67.9366479809165,-65.8586736893729,467.251250056729
0.0627958649082379,1.05063559262752,68.2887620583951,-65.2721404032403,467.935430136111
0.0650686554029574,1.063377238463,68.3865975890694,-65.0987325732476,468.134522741147
0.0670226552084957,1.07654026036988,68.482224054117,-64.9241141192967,468.333615346182
0.0712526362590396,1.12403461312784,68.7924499348682,-64.3143731620654,469.017795425564
0.0721194183386424,1.17327251778729,69.0728317253254,-63.6903668500004,469.701975504945
0.0718312854968867,1.18759790762849,69.148562130177,-63.5062381594937,469.901068109981
0.0713486560297795,1.20186487847499,69.2216910967769,-63.3210597715001,470.100160715017
0.0685133594354641,1.24977671411277,69.4529093299178,-62.6772134949695,470.784340794398
0.0645128745865965,1.29535009700534,69.65380380804,-62.0232445307889,471.46852087378
0.0632534529497878,1.30805809935503,69.7067169379606,-61.8313176843618,471.667613478816
0.0619739095393383,1.32052744330054,69.7572209843248,-61.6387341204424,471.866706083851
0.0576711623461763,1.36143653046377,69.9129036238542,-60.9725608598035,472.550886163233
0.053724465745718,1.39952356507221,70.0421673855898,-60.3007353220604,473.235066242614
0.0526822893970709,1.41011154064786,70.075058846758,-60.1043835734047,473.43415884765
0.0516818192209505,1.42049852550404,70.1058848611551,-59.9076902204479,473.633251452686
0.0485949018759742,1.4547754986322,70.196604323714,-59.2295907836854,474.317431532067
0.0459761835813838,1.48710063063795,70.2646998095985,-58.5488322714356,475.001611611449
0.0452878461055206,1.4961863880792,70.2804431728792,-58.3503662014871,475.200704216485
0.0446249536389795,1.50513636110947,70.2943912303917,-58.1517618978582,475.39979682152
0.0425040413952061,1.53492901155073,70.3290275715324,-57.4684878890545,476.083976900902
0.0406165927426176,1.56335044165387,70.3437655680733,-56.7844862134334,476.768156980283
0.0401093426701997,1.57138626779204,70.3444480625192,-56.5853967985928,476.967249585319
0.0396246450789645,1.57932046469763,70.3435402623509,-56.3863056464387,477.166342190355
0.0380109463319919,1.60588384380948,70.3285576929046,-55.7023122970481,477.850522269736
0.0363092608434126,1.6313130629966,70.2958015719917,-55.018932742253,478.534702349118
0.0357659054244395,1.6384911532857,70.2830447375122,-54.8202507864958,478.733794954154
0.0351997362852654,1.64555564104905,70.2688770970893,-54.6216619331715,478.932887559189
0.0330462250582002,1.66892136002821,70.2097196907047,-53.9400629005425,479.617067638571
0.0305514816609637,1.69069695739846,70.1351942806608,-53.2599643764486,480.301247717952
0.029757824408342,1.69670136408919,70.110781304465,-53.0623758621475,480.500340322988
0.0289363444168769,1.70254576503402,70.0852030596149,-52.8649319291409,480.699432928024
0.0259011390878684,1.72132006785624,69.9888399370399,-52.1875854757153,481.383613007405
0.0226037937640516,1.73792806817429,69.8805084094509,-51.5120410221898,482.067793086787
0.0216075537760478,1.74232826744968,69.8469512279248,-51.31579842245,482.266885691823
0.0206019331822643,1.74653210047801,69.8125513740368,-51.119699209212,482.465978296858
0.0171165645502518,1.75943133798899,69.6884610171978,-50.4468737157013,483.15015837624
0.0136993336884723,1.76996926496516,69.5564936742341,-49.7755423393479,483.834338455621
0.012739138274844,1.77259889097029,69.5168424962629,-49.5804392042147,484.033431060657
0.0118003664483404,1.7750423427755,69.4766924035487,-49.3854366161737,484.232523665693
0.00879179011515665,1.78206384904743,69.3354630254247,-48.7159940884549,484.916703745074
0.00618425528936544,1.78716413963008,69.1901782918752,-48.0474172303805,485.600883824456
0.00551284446779023,1.78832678097576,69.1473246288772,-47.8529917554356,485.799976429492
0.00488075263581415,1.78936063066705,69.1042499910005,-47.658614599739,485.999069034527
0.00302826653325434,1.79203831513303,68.9549451870184,-46.9909246392869,486.683249113909
0.00166533953347192,1.7936160388032,68.8042199584219,-46.3235533456231,487.367429193291
0.00135962043668075,1.79391658129728,68.7601983708022,-46.129388634452,487.566521798326
0.00109233377588602,1.79415937422765,68.7161165880641,-45.9352374983037,487.765614403362
0.000460997018475825,1.7946675787671,68.5643777959661,-45.2680960619304,488.449794482743
0.000236122612283537,1.79488288199562,68.4123976674316,-44.6010095377445,489.133974562125
0.000239810852300735,1.79493040738536,68.3681549937358,-44.406895009721,489.333067167161
0.000271319740719022,1.79498006399139,68.3238974333337,-44.2127838759247,489.532159772196
0.000571196708005506,1.79525401966877,68.1717217380347,-43.5457419366524,490.216339851578
0.00112119743832561,1.79581871004146,68.0192663562789,-42.8787638938978,490.90051993096
0.00131945550209965,1.79606218977769,67.9748223382388,-42.6846953577799,491.099612535995
0.00153238920459225,1.79634487771324,67.930324666055,-42.4906391553012,491.298705141031
0.002344471162407,1.79766740567034,67.7769050831189,-41.8238821921502,491.982885220413
0.00322157739959215,1.79956778808412,67.6224112990776,-41.1573735302126,492.667065299794
0.003477860621665,1.80023571232411,67.5771974928236,-40.9634828618763,492.86615790483
0.00373241212606707,1.80095334367453,67.5318492866949,-40.7696236892594,493.065250509865
0.00457807612417749,1.80379946900608,67.3748502749932,-40.1037005894044,493.749430589247
0.00536778860429472,1.80720504034197,67.2157705535231,-39.4382718846686,494.433610668629
0.00558503909670133,1.80829563569528,67.1690352075488,-39.2447423087978,494.632703273664
0.00579688497361983,1.80942850615233,67.122085967142,-39.0512646574197,494.8317958787
0.00647801883618198,1.81363262587155,66.9589908782474,-38.3868085594773,495.515975958082
0.00707150230588796,1.81827277948456,66.7929591894518,-37.7230806101626,496.200156037463
0.00722491458756901,1.81969633920412,66.7440522157776,-37.5300883912029,496.399248642499
0.00736825946167945,1.82114878024699,66.6948697948078,-37.3371663094486,496.598341247534
0.00777857437313041,1.82633906230282,66.5236604577366,-36.6747549311723,497.282521326916
0.00803627914549516,1.8317578672388,66.3489398347619,-36.0132613206308,497.966701406298
0.00807788392688148,1.83336265686843,66.297416556523,-35.8209510840329,498.165794011333
0.00810268440289186,1.83497339588537,66.2455873612536,-35.6287230916275,498.364886616369
0.00804602722579317,1.84051118288165,66.0651033473305,-34.9687786784044,499.049066695751
0.00775305341800699,1.84592936460042,65.881006863141,-34.309832704291,499.733246775132
0.00762030947355904,1.84746036676569,65.8267693543607,-34.1182703379588,499.932339380168
0.00746676712122707,1.84896300362423,65.7722451518892,-33.9267892444005,500.131431985204
0.00677198677402621,1.85384734885689,65.5827376152563,-33.2693791446038,500.815612064585
0.00584201663580753,1.85817588313151,65.3902036209773,-32.6128484097626,501.499792143967
0.00553168108946367,1.85930797935135,65.3336617800751,-32.4219535595081,501.698884749002
0.00520719498186694,1.86037814985094,65.2769122942614,-32.2311201350458,501.897977354038
0.00400306352506749,1.86353358266291,65.0804630107429,-31.5757504777636,502.58215743342
0.0027165833315588,1.86583700203657,64.8822255256308,-30.9209189468384,503.266337512801
0.00233719806615592,1.8663391635773,64.8242839054213,-30.7304442732807,503.465430117837
0.00195883622742687,1.86676765095736,64.7662534067868,-30.5399965501467,503.664522722873
0.000695352876797218,1.86766936601843,64.5663591284408,-29.8856689804792,504.348702802254
-0.00045839454079629,1.86774417051004,64.3661453651688,-29.2314390010869,505.032882881636
-0.000763599090834574,1.86762138417715,64.3079018765837,-29.0410563381363,505.231975486671
-0.00105346389926759,1.86744030606429,64.2496846153749,-28.8506656685195,505.431068091707
-0.00190820796405157,1.86641429289762,64.0499982747977,-28.1962745185241,506.115248171089
-0.00253748995911518,1.86488060919723,63.8511496619707,-27.5416284781185,506.79942825047
-0.00267704672106795,1.86436108406189,63.7934908859286,-27.3510678815616,506.998520855506
-0.00279923038469972,1.8638150071981,63.7359306106057,-27.1604775503798,507.197613460542
-0.00309620930352706,1.86178957670778,63.5389648242258,-26.5052625194144,507.881793539923
-0.00324131078004751,1.85961291491747,63.3433761287951,-25.8496351703285,508.565973619305
-0.00326224281547468,1.85896601718701,63.286733914105,-25.6587699603997,508.76506622434
-0.00327567981978332,1.85831449633975,63.2302141697253,-25.4678684606473,508.964158829376
-0.00328238454411813,1.8560695689727,63.0369359110867,-24.8115562650853,509.648338908758
-0.0032631510356539,1.8538289275779,62.8451301028258,-24.1548122371543,510.332518988139
-0.00325929588476317,1.85318026404548,62.7895919920312,-23.9636228491559,510.531611593175
-0.00325724195790139,1.85253188243156,62.7341777708898,-23.7723975172047,510.730704198211
-0.00327107164941367,1.85029956561925,62.5446927090687,-23.1149801444822,511.414884277592
-0.00330163814024366,1.84805206131515,62.3566806789883,-22.457139999356,512.099064356974
-0.00331074207959368,1.84739355470671,62.3022484790074,-22.2656328191356,512.298156962009
-0.00331799107708354,1.84673387894876,62.2479422111065,-22.0740898896746,512.497249567045
-0.00331750860561118,1.84446088863796,62.0622872725749,-21.4155806503012,513.181429646427
-0.00326349705183236,1.84220654019041,61.8781234524101,-20.7566528279621,513.865609725808
-0.00323505999445123,1.8415592923413,61.8248112634202,-20.5648308431906,514.064702330844
-0.00320137107170838,1.84091824977399,61.7716218678487,-20.3729747616493,514.26379493588
-0.00304869965352024,1.83877769267088,61.5897615496757,-19.7134074810156,514.947975015261
-0.00285270348984875,1.83675641127468,61.4092741150821,-19.0534631375906,515.632155094643
-0.00279013140345033,1.83619488584532,61.3569999752301,-18.861355680855,515.831247699678
-0.00272571205319009,1.83564575550668,61.3048320578936,-18.6692193306542,516.030340304714
-0.00249560357256568,1.83385892147084,61.1263373119575,-18.008733260032,516.714520384096
-0.00225367423596385,1.83223356687064,60.9489696602219,-17.3479435613342,517.398700463477
-0.002181374315052,1.83179208948908,60.8975531390189,-17.1556047924164,517.597793068513
-0.00210760876308481,1.83136535641633,60.8462197408002,-16.9632438015093,517.796885673549
-0.00184257675101992,1.83001221232766,60.6704120683938,-16.3020373715379,518.48106575293
-0.00154553615949484,1.82885134767825,60.4954356598258,-15.6406104197263,519.165245832312
-0.0014504315545542,1.82855280089834,60.4446564374993,-15.4481024142591,519.364338437347
-0.00135008381606799,1.82827429484173,60.3939316989007,-15.2555800276407,519.563431042383
-0.000957654491533536,1.82747938973765,60.2199899895767,-14.5938802362347,520.247611121765
-0.000469622006330465,1.82698568184901,60.0464746425614,-13.9320684676023,520.931791201146
-0.000305538827398515,1.82690797393603,59.9960341455021,-13.7394714294995,521.130883806182
-0.000129682357505047,1.82686518141864,59.9456029150209,-13.5468719634132,521.329976411218
0.000567388762767449,1.82700430489186,59.7722978606558,-12.8850050889209,522.014156490599
0.00145057804667435,1.82768401970947,59.5987218526648,-12.2232092731294,522.698336569981
0.0017505132923241,1.82800162142167,59.5481099864331,-12.0306571795103,522.897429175016
0.00207381151224957,1.82838287728255,59.4974260907545,-11.8381241296083,523.096521780052
0.00339896161210648,1.83023276641905,59.3225783911299,-11.1766630193091,523.780701859434
0.00511509717625759,1.83312304908906,59.1461636101892,-10.5156187136351,524.464881938815
0.00569905237237921,1.83419790063894,59.0944349936332,-10.3233635334833,524.663974543851
0.00632140064909891,1.83539320664111,59.0424815026672,-10.1311695076041,524.863067148887
0.00877000558736635,1.84053046776265,58.8619593889898,-9.47123439129079,525.547247228268
0.0116633817952206,1.8474951674265,58.6774480427015,-8.8124061104803,526.23142730765
0.0125822442516648,1.8499087657902,58.6228350633282,-8.62094997493625,526.430519912686
0.0135296885151906,1.85250604072236,58.567737739146,-8.4296341959244,526.629612517721
0.0169782672306719,1.86293093495123,58.3742467012415,-7.77338533149595,527.313792597103
0.0206298374707122,1.87578471941811,58.1731326213228,-7.11943911161864,527.997972676484
0.0217126094172774,1.88000125450894,58.1129532691312,-6.92965842897422,528.19706528152
0.0227982743370801,1.88443060638123,58.0519545290462,-6.74014246186337,528.396157886556
0.026497666977237,1.90130234780277,57.8355258265804,-6.09110081915287,529.080337965937
0.0300551513513445,1.92065659457015,57.6073809224397,-5.44609515377375,529.764518045319
0.0310462107604476,1.92674095000633,57.5385713812381,-5.25926983821714,529.963610650355
0.032014940582201,1.9330188505056,57.4686134421782,-5.07287535895847,530.16270325539
0.0351437906538068,1.95601099573412,57.2189446298627,-4.43588800752496,530.846883334772
0.0379602283368091,1.98103696468657,56.9540608170333,-3.80508793575519,531.531063414153
0.0387206832328269,1.98867074766847,56.8739595442974,-3.62281830960567,531.730156019189
0.0394570997725594,1.99645406680264,56.7924617164825,-3.44117272621144,531.929248624225
0.0418152359036102,2.024269673121,56.5013977339739,-2.82201277692615,532.613428703606
0.0439427348408501,2.0536197705179,56.1927633937569,-2.2114323618603,533.297608782988
0.0445253932513753,2.06242608370444,56.0995519941363,-2.0355064679457,533.496701388024
0.0450930382265018,2.07134738723559,56.0047901489198,-1.86041442205565,533.695793993059
0.0469313228757602,2.10283834549038,55.6671066878653,-1.26540347331065,534.379974072441
0.0485882357528518,2.13552497600568,55.3105133276402,-0.681539316884114,535.064154151822
0.0490349662132004,2.14524339437717,55.2031448829765,-0.513878465873028,535.263246756858
0.0494648548035331,2.15504896870294,55.0941497461888,-0.347273652972901,535.462339361894
0.0508184931218261,2.18936578646477,54.7070932357505,0.216860346252673,536.146519441275
0.0519812467876907,2.22454343686034,54.3006781862359,0.767203317785409,536.830699520657
0.0522838789430711,2.23492289960859,54.1787773567307,0.924614112223644,537.029792125693
0.05256940101639,2.24536017497779,54.0552498269969,1.08074928316374,537.228884730728
0.0534132472804699,2.28163048612932,53.6183645383757,1.60723230379131,537.91306481011
0.0539992177676862,2.31838992335005,53.1625550685798,2.11741391973721,538.597244889492
0.0541128226564292,2.32915328276538,53.0264114180629,2.26268148755619,538.796337494527
0.0541964294847812,2.3399342798886,52.8887165401008,2.40647884651828,538.995430099563
0.054235491851312,2.37705406837316,52.4038387388194,2.88911904026561,539.679610178944
0.053813128138792,2.41404273328506,51.9014151597605,3.3534681566589,540.363790258326
0.0535891175811101,2.42473631469316,51.7520230966134,3.48507146405162,540.562882863362
0.0533139874287843,2.43537729891768,51.6012419892951,3.61508379120362,540.761975468397
0.0519347519832052,2.47142598764214,51.072770790209,4.04955453275468,541.446155547779
0.0497812768377617,2.50626617126031,50.5292289536332,4.46503289560341,542.130335627161
0.0489899868855264,2.51610148541395,50.3684007546552,4.58238363695386,542.329428232196
0.0481228239977638,2.52577184496562,50.2064403727792,4.69817525587197,542.528520837232
0.0445074078788161,2.55751006220392,49.6416835036351,5.08431353862261,543.212700916613
0.0400091094792526,2.58647265852054,49.0654537541147,5.45314772275706,543.896880995995
0.0385533584044129,2.59429260412442,48.8958447853211,5.55740327593105,544.095973601031
0.0370493646150307,2.60182363519703,48.7254397769369,5.66036493291648,544.295066206066
0.0316308926507925,2.62532566296908,48.1343519128097,6.00487364038516,544.979246285448
0.0260862111421465,2.64507730513445,47.5359363271642,6.33652889670361,545.66342636483
0.0244980776564924,2.65010807913595,47.3606461711011,6.43092158625556,545.862518969865
0.022929054411522,2.6548292117056,47.1848928215804,6.52445891497997,546.061611574901
0.0177751061538719,2.6687311790989,46.577888227852,6.84010940866281,546.745791654282
0.0130161505732386,2.67924204082471,45.9670676093837,7.14833156914667,547.429971733664
0.0117104557796127,2.68170243628269,45.7887702433697,7.23691667573842,547.6290643387
0.010431973727388,2.68390301609975,45.6102634077398,7.32508345342974,547.828156943735
0.0062105922989988,2.68959176049976,44.9955747930672,7.62551225837123,548.512337023117
0.00206834218689621,2.69241938985411,44.3796099738187,7.92332210250078,549.196517102499
0.000842614345529249,2.69271255964074,44.2002523351382,8.00974290631747,549.395609707534
-0.000403393219800422,2.69275559283676,44.0208813737587,8.09613621532987,549.59470231257
-0.00491910426751122,2.69095942327508,43.4046537362348,8.39340188307127,550.278882391952
-0.00986634758139709,2.68592607128025,42.7894470462514,8.69276897780294,550.963062471333
-0.0114000433241768,2.68381098285417,42.6107567165657,8.78056323814218,551.162155076369
-0.0129740251217698,2.68138528950841,42.4322716000857,8.86876865864817,551.361247681404
-0.0186795165438887,2.67058308668357,41.8208187753457,9.17573624913848,552.045427760786
-0.0248438082270882,2.65572034928511,41.2133658323568,9.49051922225193,552.729607840168
-0.0267236568654015,2.65058763289026,41.0375473037108,9.58393489784001,552.928700445203
-0.0286447919592279,2.64507570221829,40.8622385159605,9.67828990389324,553.127793050239
-0.0356149949642225,2.62312891715245,40.2641531077697,10.0105417368066,553.811973129621
-0.0432139446002503,2.59619817008138,39.6743888279959,10.3572945646109,554.496153209002
-0.0455542441147656,2.58736359807259,39.5046274591902,10.4613169005914,554.695245814038
-0.0479480799234253,2.57805963314049,39.3358321329407,10.5668742015313,554.894338419073
-0.0565758897674406,2.54232868136132,38.763891431302,10.9423249329291,555.578518498455
-0.0656537067682305,2.50054081099206,38.2069705269814,11.339622404264,556.262698577837
-0.068347547348073,2.48719890033323,38.048188398944,11.4597441984952,556.461791182872
-0.0710458773885499,2.47332857728178,37.8910706801214,11.5819994756678,556.660883787908
-0.0802568440877115,2.42154447297084,37.3650300178298,12.0193983068322,557.34506386729
-0.0890302011593435,2.36360811062732,36.8638144691597,12.484924047419,558.029243946671
-0.091436791448134,2.34563628222083,36.7232468260848,12.6259305975399,558.228336551707
-0.0937544275549935,2.3272043738915,36.5852686745349,12.7694382600561,558.427429156743
-0.100861473322058,2.26053579349354,36.1324424308777,13.2821871858446,559.111609236124
-0.10634755738173,2.18955922881332,35.7159754189461,13.8247974003323,559.795789315506
-0.107584552350327,2.16825533096249,35.6022367552134,13.988212588648,559.994881920541
-0.108652915692183,2.14672818551298,35.4919957276515,14.1539910352409,560.193974525577
-0.110905729344654,2.07148884081987,35.1412790177542,14.7412606597747,560.878154604959
-0.110869336948599,1.99549128049118,34.8359144534173,15.3533247331639,561.56233468434
-0.110411562924769,1.97345865795129,34.7559081895623,15.535632812327,561.761427289376
-0.109761366381007,1.95153249194655,34.6798832703451,15.719643997683,561.960519894412
-0.106066167957354,1.87758942860737,34.4495319097299,16.3636935582322,562.644699973793
-0.100430891691616,1.80683822772503,34.2663027326127,17.0227539917358,563.328880053175
-0.0984873099197965,1.78703997002484,34.221692602394,17.216772425728,563.52797265821
-0.0964350485368174,1.76762803216343,34.1808623351408,17.4116432984115,563.727065263246
-0.0887920444941713,1.70423413086041,34.0687266771214,18.0864263676996,564.411245342628
-0.0806306208634548,1.64624676684746,33.9977048798659,18.7668415611648,565.095425422009
-0.078232746421762,1.63043918717943,33.9842838531219,18.9654671832996,565.294518027045
-0.0758247248826479,1.61510849506608,33.973944928465,19.1642996055404,565.493610632081
-0.0676177165835843,1.56602776143296,33.9607463796145,19.8482608005597,566.177790711462
-0.0592264911946527,1.52262511822095,33.9791741400565,20.5321609719021,566.861970790844
-0.0566956582622933,1.51107981972169,33.9899194215945,20.7309527116917,567.061063395879
-0.054086510660839,1.50005185045954,34.0028939701969,20.9296299018872,567.260156000915
-0.044290963628354,1.46631874831101,34.0631627698498,21.6110985397588,567.944336080297
-0.0331072195410072,1.43976245269434,34.1439479893921,22.2904902413774,568.628516159678
-0.0295726072363116,1.4335190211201,34.170600151254,22.4877828074041,568.827608764714
-0.0259428174198711,1.42797987585702,34.1984016460671,22.6849284728766,569.02670136975
-0.0128493252104834,1.41469244982501,34.3007879178774,23.3613912773473,569.710881449131
0.00054269226289478,1.41046545285161,34.4090969291224,24.0369494117386,570.395061528513
0.00437149892199564,1.41096659362759,34.4408469168921,24.2334919638247,570.594154133548
0.00812422134379353,1.41220436331893,34.4724394810047,24.4300587141561,570.793246738584
0.0200784260863106,1.42196239134657,34.5776174271236,25.1061114033893,571.477426817966
0.0301001001596979,1.43923814863057,34.6736448128065,25.7835010032319,572.161606897347
0.032564468802076,1.44548773782616,34.6991370032951,25.9809590273027,572.360699502383
0.0348276243747622,1.45220384556764,34.7233833243874,26.1785658194952,572.559792107419
0.0409676946077958,1.47826438954738,34.7956643289869,26.8589056082629,573.2439721868
0.0447974906090068,1.50773552546289,34.8490292329007,27.5409682230015,573.928152266182
0.0455204633604779,1.51672536116156,34.8606648202025,27.7397235658413,574.127244871217
0.0460942392873126,1.52585280326405,34.8705289173261,27.9385705437914,574.326337476253
0.0471486485125942,1.55781302816451,34.8903602192412,28.6224349569616,575.010517555635
0.047102264879414,1.59011808857978,34.8882125938491,29.3065809549559,575.694697635016
0.0469421789006075,1.59947542102547,34.8834240727679,29.505615656122,575.893790240052
0.0467178769989823,1.60880234632487,34.8767905935589,29.7045981453464,576.092882845088
0.0455514113726335,1.64039328444974,34.8399447732429,30.3877542950211,576.777062924469
0.0439195664513311,1.67102694840829,34.7818667880949,31.0694405716791,577.461243003851
0.0433850116864034,1.67971569093015,34.7610785323313,31.267443145559,577.660335608886
0.0428322503575981,1.68830103213727,34.7385848782186,31.4652618323687,577.859428213922
0.0408623304219235,1.71692982851486,34.6485853323124,32.1434698311266,578.543608293304
0.038932506652407,1.74422456141356,34.5396594233642,32.8189050935274,579.227788372685
0.0384064761010403,1.75192052696807,34.5045481938901,33.0148752894324,579.426880977721
0.0379032754025401,1.75951728130315,34.4679356193353,33.210572826819,579.625973582757
0.0364251477806763,1.7849189909633,34.3310123892433,33.8808911926138,580.310153662138
0.0353908257156296,1.80946121661032,34.177394187183,34.547586646088,580.99433374152
0.0351834953883407,1.81648498160332,34.1296516313161,34.7408689085942,581.193426346555
0.0350136323898047,1.82347041505116,34.0805501603747,34.933811344542,581.392518951591
0.0347175680546685,1.84730530603621,33.9016259704492,35.594164364733,582.076699030973
0.0347627847934895,1.87105438455707,33.7070433958044,36.2500745992424,582.760879110354
0.034820442510925,1.87798260969546,33.6475030017169,36.4400551780691,582.95997171539
0.0348886593495085,1.88491959282204,33.586645520928,36.629617906203,583.159064320426
0.0351335112542624,1.90888006788742,33.3674771689585,37.2777271367817,583.843244399807
0.0352628156095371,1.93296853808264,33.1328040616359,37.9203840549297,584.527424479189
0.0352540007484678,1.93999085129578,33.0616100772782,38.1063119081097,584.726517084224
0.0352206523635839,1.94700619969626,32.9891171177919,38.2917373881328,584.92560968926
0.0348731217299297,1.97100729764583,32.7301190603698,38.9249821018915,585.609789768642
0.0341271698877177,1.99463432613183,32.4561156272594,39.5518822211867,586.293969848023
0.0338282073637952,2.00140029488992,32.3736190839808,39.7330779715673,586.493062453059
0.0334940082721226,2.00810334911009,32.2899098662716,39.9137180962012,586.692155058095
0.0320706025368129,2.03055406789266,31.9931697345709,40.5301799047777,587.376335137476
0.0302662713239061,2.0519006100145,31.6830001947394,41.1400014105885,588.060515216858
0.0296781219138355,2.05786754646086,31.5903380382763,41.3162146667118,588.259607821894
0.0290666532015738,2.06371709939986,31.4966395817783,41.4918814088455,588.458700426929
0.0268164228922022,2.08284266936281,31.1670626159585,42.0914343099342,589.142880506311
0.0244166487261321,2.10037751911018,30.8265486977129,42.6848515560041,589.827060585692
0.0237054841094046,2.10516659190548,30.7255589395977,42.8564278614584,590.026153190728
0.0229931565293277,2.10981623650553,30.6237600690255,43.0275276653624,590.225245795764
0.0205690884650282,2.12471297980508,30.2681351594336,43.6120119897219,590.909425875145
0.018240904272629,2.13798402494151,29.9043113349988,44.1914344361683,591.593605954527
0.0175924992738189,2.14154987076614,29.7970465211981,44.3591596547968,591.792698559563
0.0169597067778747,2.14498977894773,29.6891915688507,44.5265076305946,591.991791164598
0.0149308703392381,2.15588410873449,29.3143907823722,45.0988890931492,592.67597124398
0.0131672097882358,2.16548106307555,28.9337437194155,45.6674030593458,593.360151323361
0.0127112012173811,2.16805605429332,28.8219912494161,45.8321727042382,593.559243928397
0.012282291613518,2.17054416933991,28.7098170729449,45.9966563971827,593.758336533433
0.011033064944996,2.1784983124312,28.3213665586777,46.5598663574141,594.442516612814
0.0101663368590613,2.18572860847656,27.9286505683415,47.1201119528989,595.126696692196
0.00999242631025631,2.18773415882585,27.8136327411575,47.2826194026789,595.325789297232
0.00985543529730956,2.18970923927525,27.6982859155416,47.444893739939,595.524881902267
0.00967039686694668,2.19636385437654,27.299508588118,48.0008409629926,596.209061981649
0.00992344658681813,2.20304173546255,26.8970341010662,48.5541174856829,596.89324206103
0.0100785143406943,2.20503232656843,26.7792225023649,48.714611356034,597.092334666066
0.0102695582846329,2.20705759078228,26.6610827833503,48.8748635560986,597.291427271102
0.011216973634411,2.21438116402988,26.2525733630207,49.4236996546008,597.975607350483
0.0126336568312776,2.22251347184313,25.8398356913346,49.9693613387304,598.659787429865
0.0131375460066086,2.22507789243408,25.7188771380823,50.1274972625466,598.858880034901
0.0136825250842507,2.22774672293274,25.5974995830227,50.2853106738281,599.057972639936
0.0158598565800736,2.23782712000333,25.1770169415634,50.8250280249289,599.742152719318
0.0184889541466378,2.24955174858265,24.750677737138,51.36012592206,600.4263327987
0.019335110604774,2.25331673342045,24.6253958067677,51.5148596973617,600.625425403735
0.0202161131887546,2.25725273010235,24.4995148040942,51.6691037546287,600.824518008771
0.023521609933869,2.27219232059701,24.0620473476526,52.1951458940757,601.508698088152
0.0272243519954076,2.2895293597832,23.6161537266196,52.7140533164583,602.192878167534
0.0283701847903377,2.29506365559277,23.4846552808852,52.8635408956824,602.39197077257
0.0295396726529983,2.30082543860103,23.3523144656308,53.0122779062579,602.591063377605
0.0337074330443152,2.32245708750872,22.8906794582896,53.5172381830654,603.275243456987
0.0379551020579471,2.34696757099556,22.4175293483337,54.0114041567719,603.959423536369
0.0391778623354843,2.35464857705658,22.2775117980026,54.1529449652799,604.158516141404
0.0403824748763313,2.36256537212188,22.1364018533872,54.2933890344613,604.35760874644
0.0442896741520622,2.39156342974618,21.6427329041361,54.7670652987823,605.041788825821
0.0476258167111636,2.42303936246626,21.1349829865661,55.2255899746363,605.725968905203
0.0484497247742577,2.43260807426207,20.9844857297381,55.3559329848396,605.925061510239
0.0491961427150258,2.44232716592124,20.8327516936184,55.484827731579,606.124154115274
0.0511123131042986,2.47670759479338,20.3017020667801,55.916158538762,606.808334194656
0.0518725555459322,2.51200359783707,19.7559581747356,56.3287280767408,607.492514274038
0.0518483548549409,2.52233307227727,19.5944279618117,56.4451153106773,607.691606879073
0.0517011333876211,2.53263787507911,19.4317205165968,56.5598528077648,607.890699484109
0.0501556736461564,2.56759179031073,18.8637485739858,56.9412393366566,608.574879563491
0.0466858771876006,2.60083003634982,18.283095353731,57.3030513065034,609.259059642872
0.0452557645755533,2.60999105968998,18.1119337234202,57.4047390975609,609.458152247908
0.0436190054969637,2.61883890574958,17.9398772696092,57.5049217880954,609.657244852943
0.0362365708681886,2.6463222916081,17.3422953755032,57.8380147146265,610.341424932325
0.0259498382297518,2.66776123133488,16.7367157783975,58.1564083473551,611.025605011707
0.0223768804780544,2.67257944663998,16.5593275225865,58.2467915086879,611.224697616742
0.0185578367436411,2.67666835957946,16.3815520010549,58.3364273655553,611.423790221778
0.00351244308006891,2.68435567013132,15.768542207358,58.6402600340525,612.10797030116
-0.0139408719208162,2.68092549614625,15.1548822361309,58.9427895733853,612.792150380541
-0.0193651965467715,2.67760275272777,14.9766732629125,59.0315566774764,612.991242985577
-0.0248787007696982,2.67321757081595,14.7988260357277,59.1210164007557,613.190335590612
-0.044091273906533,2.64958589725529,14.1916690927984,59.4364269325072,613.874515669994
-0.0626420530975672,2.61303575699793,13.594353158323,59.7699171732519,614.558695749376
-0.0677143613566268,2.60003826395497,13.4230666034409,59.8714300358599,614.757788354411
-0.0725886136968373,2.58607682788455,13.2531742704295,59.9751903660515,614.956880959447
-0.0873807882146969,2.53114871492946,12.6817626293911,60.3514000713659,615.641061038829
-0.0985919071828,2.46732513427367,12.1337718577442,60.7607732391635,616.32524111821
-0.101078789156506,2.44743338640278,11.9794934376604,60.8866425443438,616.524333723246
-0.103212092878121,2.42709151751292,11.827748874097,61.0155162387198,616.723426328281
-0.107711736500233,2.35468419014178,11.3275200150709,61.4820801941129,617.407606407663
-0.107784717348003,2.28071261348425,10.8627487638099,61.9839395610186,618.091786487045
-0.10696691255339,2.25932791173678,10.7346426054233,62.1363435297362,618.29087909208
-0.105778665019296,2.2381424787738,10.6097365719856,62.2913965996905,618.489971697116
-0.098796116177088,2.16790699544711,10.2058252619443,62.8434068787938,619.174151776498
-0.0873851138018372,2.10396376278646,9.83976278439875,63.4213252082968,619.858331855879
-0.0832445639123811,2.08697316360083,9.74008930595811,63.5936503118508,620.057424460915
-0.0787603893509963,2.07082760410772,9.64320520582465,63.7676032198443,620.256517065951
-0.0608019311701097,2.02290253139404,9.33038545234736,64.3759527109614,620.940697145332
-0.0396479467920056,1.98835743570778,9.04285322336737,64.9967929838402,621.624877224714
-0.0330334214324758,1.9811318608996,8.96282747289877,65.1790730796748,621.823969829749
-0.0262883631206337,1.97520266530186,8.88397129453501,65.3618873747872,622.023062434785
-0.00257807712949383,1.96535593562368,8.61871153932973,65.9925443759855,622.707242514167
0.020637742327615,1.97156215922081,8.35459759721459,66.6236893158688,623.391422593548
0.0270531562834365,1.97633493247329,8.27650529424425,66.8068289034377,623.590515198584
0.0332462203025215,1.98232924742193,8.19747340237019,66.9895478253595,623.78960780362
0.0521651774782113,2.01180060159685,7.91516978984402,67.6127797758003,624.473787883001
0.0666473077011688,2.05269813508569,7.6111603928444,68.2256143766047,625.157967962383
0.0698824870850988,2.06630990291028,7.51765797798803,68.4014017321023,625.357060567418
0.0726892752972453,2.08052058862599,7.42179924723013,68.5758900727684,625.556153172454
0.0789081001475613,2.13264781472164,7.0726720925434,69.1642122364796,626.240333251836
0.0804391431562652,2.18742619342077,6.69263627909032,69.7330191600873,626.924513331217
0.0801207434740036,2.20340431420548,6.5761717758215,69.8944973406843,627.123605936253
0.079530661423831,2.21931656171487,6.45719236323064,70.0541324296496,627.322698541289
0.0758830793142091,2.27257232403115,6.02949189232586,70.5880288917956,628.00687862067
0.0706522372161196,2.32279086585783,5.57473584220028,71.0991248471681,628.691058700052
0.0690066485069687,2.33667829970748,5.43771937679555,71.2435595982843,628.890151305087
0.0673317264920624,2.35025243091364,5.29873449166566,71.3861181877482,629.089243910123
0.0616713171924278,2.39436688324065,4.80711162845352,71.86184342893,629.773423989505
0.0562951138977035,2.43470582032721,4.2958203624725,72.3164185311066,630.457604068886
0.0548096625527373,2.44576294137306,4.14372320883002,72.4448770279003,630.656696673922
0.0533401311322721,2.45652486382297,3.99022572548369,72.5716752050422,630.855789278958
0.048377455117073,2.49132624757776,3.45287423726338,72.9951076696821,631.539969358339
0.0433304041664008,2.52270340343751,2.90178879774647,73.4005480041862,632.224149437721
0.0418046227889535,2.53118250729071,2.73913534686908,73.5153514279042,632.423242042756
0.0402424447526768,2.53934883279406,2.57552954655461,73.6288078069233,632.622334647792
0.0344927384618337,2.56495522282265,2.00669386708704,74.0089275199236,633.306514727174
0.0280374593959857,2.58638640892613,1.42905786621281,74.3755776499734,633.990694806555
0.0260048995097056,2.59176926514608,1.25958518496056,74.4800543070254,634.189787411591
0.0239057266519525,2.59673974597365,1.08957539465621,74.5836666688957,634.388880016627
0.0161344237785112,2.61048352668388,0.501885216247708,74.9339631008224,635.073060096008
0.00754852729186724,2.61863167241578,-0.0896160463351727,75.2778129314678,635.75724017539
0.00490629202531237,2.61987172992447,-0.262166559422444,75.3771275591506,635.956332780426
0.00221840794292054,2.62059134130366,-0.434812183781713,75.4762792011528,636.155425385461
-0.00735967911561013,2.61883094724266,-1.02810391284411,75.8170288772425,636.839605464843
-0.0169094157174541,2.61052711522648,-1.61966695937603,76.1607559550201,637.523785544224
-0.0195783994953882,2.60688443463555,-1.79116012871498,76.2618925314808,637.72287814926
-0.0221375370372744,2.60274672235693,-1.96226779302121,76.3636706952921,637.921970754296
-0.029676433610353,2.58485246465428,-2.5464568059496,76.7197921422893,638.606150833677
-0.0342474373897884,2.56281553065939,-3.12340402310565,77.0874949933923,639.290330913059
-0.0348279797359124,2.55591603418594,-3.28968382356364,77.1969940932739,639.489423518095
-0.0350336084076558,2.54895632440376,-3.45523950737767,77.3075844888654,639.68851612313
-0.032398776364081,2.52558655594165,-4.01810740867943,77.6964951079447,640.372696202512
-0.024470227858351,2.50583041475091,-4.57247378318245,78.0974614174769,641.056876281893
-0.0211467122219907,2.50127978981632,-4.73236178246397,78.2160889400369,641.255968886929
-0.0174223289818777,2.49741350138716,-4.89179604943541,78.3353336730535,641.455061491965
-0.00177121313717526,2.49066380937557,-5.43706236105366,78.7485912429249,642.139241571346
0.0171031317692957,2.49572493360269,-5.98198138429437,79.1623103983662,642.823421650728
0.022976334383921,2.499732522666,-6.14118412568078,79.281862855096,643.022514255764
0.0289337044292,2.5048806204852,-6.30092970664556,79.4006610314158,643.221606860799
0.0494395142290201,2.53175194254895,-6.85602281187518,79.8006569027589,643.905786940181
0.0688820148079656,2.57228918369575,-7.42419116742061,80.1816635457709,644.589967019562
0.0741305120393281,2.58654789423699,-7.59265358192925,80.2878022365367,644.789059624598
0.079154423975785,2.60180018213866,-7.7626048345369,80.3914618294033,644.988152229634
0.0943173352458091,2.66136582307281,-8.35942226800308,80.7258853695664,645.672332309015
0.105574609210442,2.72996954622252,-8.97630576878116,81.0213583347067,646.356512388397
0.107994762943305,2.75124722226789,-9.15963439959673,81.0990508775581,646.555604993433
0.110004626148372,2.77295017359388,-9.34453444906671,81.1728606429487,646.754697598468
0.113442970656605,2.8497143015067,-9.99158005771664,81.3946886393371,647.43887767785
0.111182277801147,2.92688129232016,-10.6537530751395,81.5661322394994,648.123057757231
0.109392782763753,2.94885281891324,-10.8487380637914,81.6063524074059,648.322150362267
0.107109461312363,2.9704240446933,-11.0445576611429,81.6424219433903,648.521242967303
0.0954571561854493,3.04002012850273,-11.722270576946,81.7348499236638,649.205423046684
0.0785419982170888,3.09984356772803,-12.4046845787469,81.7832861382731,649.889603126066
0.0727501082047338,3.11489969711867,-12.6036382334303,81.7900278304814,650.088695731102
0.0666411122060701,3.12879979318353,-12.8027121025582,81.7939558390601,650.287788336137
0.0435588320919747,3.16661774347887,-13.4867872253622,81.788830126127,650.971968415519
0.0183780346995349,3.18792537567441,-14.1705232202699,81.7634839300005,651.656148494901
0.0108700271819749,3.19081859300606,-14.3693710041336,81.7539316164503,651.855241099936
0.00335390601259144,3.19224974745003,-14.5682071081716,81.743952073154,652.054333704972
-0.0219282164543164,3.18579326341098,-15.2515886518954,81.7105636589739,652.738513784353
-0.0454143653890176,3.16265363947249,-15.935333160629,81.6872929005488,653.422693863735
-0.0517331708702632,3.15296270065018,-16.1344112413403,81.6840584610893,653.621786468771
-0.0578047608903445,3.14205658018318,-16.3334781306161,81.6828252097154,653.820879073806
-0.0763336514318693,3.09595273752156,-17.0174860984204,81.6976339075637,654.505059153188
-0.0910665612465069,3.03847036425591,-17.6996767863002,81.7478159273515,655.18923923257
-0.0946074974486635,3.01997855671955,-17.8975321556263,81.7701648906039,655.388331837605
-0.0978416671669619,3.00081140387712,-18.0949030182923,81.7961658268153,655.587424442641
-0.106766414417034,2.93063940418164,-18.7684699922393,81.9155805850403,656.271604522022
-0.112575965232072,2.85542694787625,-19.4315096849785,82.0835581939122,656.955784601404
-0.113733337327014,2.83289949062721,-19.6218623601726,82.1419343638881,657.15487720644
-0.114642360862363,2.81016995318335,-19.8108539674221,82.2045350280743,657.353969811475
-0.115870763502461,2.73111811990276,-20.4483183531892,82.4525152504833,658.038149890857
-0.113668676013893,2.65239937451062,-21.0642761761943,82.7499361398422,658.722329970239
-0.112290706130131,2.62989189565907,-21.2389300749357,82.8454972486616,658.921422575274
-0.110539354479462,2.60771153165234,-21.411468454853,82.9448735134672,659.12051518031
-0.101252565613379,2.53494240255781,-21.9869546868503,83.3145270864763,659.804695259691
-0.0864019302686783,2.47043044586958,-22.5358471406597,83.7228431100333,660.488875339073
-0.0809413476322641,2.45375486346705,-22.6906563351185,83.8479943418709,660.687967944109
-0.0749982646433008,2.43820099923944,-22.843523229541,83.9755859272925,660.887060549144
-0.0507966833748185,2.3949080273009,-23.3548456607838,84.4300094412957,661.571240628526
-0.0220388774639728,2.36973193422453,-23.8504187067296,84.9017638544411,662.255420707908
-0.0130583113801004,2.36625598923837,-23.9927860109541,85.0409093726242,662.454513312943
-0.00394806104418162,2.36452411235412,-24.1348115801867,85.180418379364,662.653605917979
0.0273572301242396,2.37266077992541,-24.6237564674954,85.6590313398947,663.33778599736
0.0564065539746486,2.40144416014401,-25.1213891788754,86.128478057769,664.021966076742
0.0640128260985594,2.41347675835796,-25.2692066308222,86.2618762360711,664.221058681778
0.0711577902522126,2.42693447293748,-25.4186234655624,86.3934130741151,664.420151286813
0.0912859299457328,2.48292097023847,-25.947316725631,86.8276279251137,665.104331366195
0.104115664611158,2.55018202808704,-26.5016112296999,87.2283772508539,665.788511445577
0.106395025412748,2.57115611636494,-26.6680955604403,87.3376037387254,665.987604050612
0.108087144841597,2.59253819739952,-26.8367733132322,87.4433637151063,666.186696655648
0.109578767804891,2.66730965063522,-27.4332147701285,87.7782281240331,666.870876735029
0.105631251889932,2.7412409673536,-28.0528860630662,88.0678892157677,667.555056814411
0.103697278733277,2.76206295737664,-28.2370503732188,88.1435136473536,667.754149419447
0.101497851546232,2.7825101510207,-28.4227300873155,88.2153883880614,667.953242024482
0.092562292777508,2.84895922411676,-29.0708735766988,88.4340005884885,668.637422103864
0.0825212246754616,2.9089165821734,-29.7316173317313,88.611276989874,669.321602183246
0.0795847912662018,2.92503596579117,-29.9256972229275,88.6555945312205,669.520694788281
0.0766628595994643,2.94059349700347,-30.1204792916956,88.696844407699,669.719787393317
0.0670733423427689,2.98970903249664,-30.7940075448702,88.816568100749,670.403967472698
0.0584517726060145,3.03259473651741,-31.4723927989115,88.9052073540484,671.08814755208
0.0561751392859042,3.0439990467481,-31.6704128682575,88.9257342706931,671.287240157116
0.0539978295113415,3.05496401275644,-31.8686674106753,88.9440297012334,671.486332762152
0.0473491546584531,3.08956192584077,-32.5511744578942,88.9911874367515,672.170512841533
0.0419612137267239,3.1200422325536,-33.2348848798228,89.0161190427771,672.854692920915
0.0406243932329338,3.1282621276476,-33.4339416720471,89.0195970536557,673.05378552595
0.0393841846910006,3.13622045550556,-33.6330273010011,89.0214489936259,673.252878130986
0.0357553623555669,3.16188501961982,-34.3171638253372,89.0162168903689,673.937058210368
0.0328268208693775,3.18530637488406,-35.0009784900322,88.9941977539708,674.621238289749
0.0320534662269405,3.19176923017535,-35.1998495458921,88.9848583385135,674.820330894785
0.0313050286141426,3.19807585298946,-35.3986598625688,88.9742422988042,675.019423499821
0.0288227180114631,3.21863797674083,-36.0812944829588,88.9285040041692,675.703603579202
0.0264628221680456,3.23754362989685,-36.7629011185255,88.869304246437,676.387783658584
0.0257959943947555,3.24274593898073,-36.9610261119866,88.8497138979962,676.586876263619
0.0251478922310947,3.24781830475449,-37.1590494411876,88.8291018104766,676.785968868655
0.0230945498656282,3.26430136564736,-37.8387342795827,88.7508848299915,677.470148948037
0.0213954657905891,3.27950075883027,-38.5170994646427,88.6619106939686,678.154329027418
0.0209835358205466,3.28371734613071,-38.7142430249536,88.6341271694239,678.353421632454
0.0206085634082909,3.28785524867538,-38.9112690138342,88.605514493288,678.55251423749
0.0196136402471618,3.30159485299242,-39.5874320585316,88.5011226087799,679.236694316871
0.0189696935935532,3.3147738162695,-40.2621305824178,88.3876396357257,679.920874396253
0.0188287055196444,3.31853795812085,-40.4581802240909,88.3529662338924,680.119967001288
0.0186973988074103,3.32227109630041,-40.6540986723567,88.3175564876532,680.319059606324
0.0182400206504046,3.33491567304708,-41.3263421913839,88.1903391118558,681.003239685706
0.017630867394481,3.34719540002037,-41.996949186635,88.054754133416,681.687419765087
0.0173983772829684,3.35068530501768,-42.19177661905,88.0137659854151,681.886512370123
0.0171384625615466,3.35412395778994,-42.3864623626011,87.9721073672413,682.085604975159
0.0159986385305198,3.36548128016743,-43.054402504131,87.823944808278,682.76978505454
0.0144825951330815,3.3759300567509,-43.7206897700239,87.6685081745132,683.453965133922
0.0139718675007187,3.37876301232714,-43.9142735964837,87.6220001731383,683.653057738957
0.0134348337747167,3.38149327969231,-44.1077292913692,87.5749585196663,683.852150343993
0.0113926859870652,3.38999860823741,-44.7715949613381,87.4094877978703,684.536330423375
0.00913864092738184,3.39703425200085,-45.4341573430629,87.2388629412608,685.220510502756
0.00846034235335855,3.39878472951157,-45.6267441791189,87.188385197913,685.419603107792
0.00778099035759863,3.40040390633422,-45.8192463118427,87.1375828223042,685.618695712828
0.00549206397943904,3.4049321724518,-46.4802185309684,86.9609005932813,686.302875792209
0.00341910823995811,3.40796828214263,-47.1405190217257,86.7817193788552,686.987055871591
0.00288373666998396,3.40859268801411,-47.3325733355371,86.7292510129775,687.186148476626
0.00238532520230878,3.40911694054833,-47.5245958989542,86.676665742753,687.385241081662
0.00103400094567454,3.41025300466049,-48.184324681854,86.4953919451842,688.069421161044
0.000272930159426071,3.41066643946859,-48.8439129480951,86.3136070436602,688.753601240425
0.000168021005341401,3.41070893913343,-49.0358418337395,86.2606810374655,688.952693845461
0.000108081799264801,3.4107336686573,-49.2277667786338,86.2077406891545,689.151786450497
0.000224878364715137,3.41082582947056,-49.8873109502373,86.0257959982893,689.835966529878
0.000723005105221736,3.41112834942196,-50.5468191948379,85.8437211587886,690.52014660926
0.000917286015849311,3.41129331837126,-50.7387201883969,85.7906940447206,690.719239214295
0.00112484567522114,3.41149411026183,-50.9306107372992,85.7376292361847,690.918331819331
0.00188671077481297,3.41252791844414,-51.5899348118543,85.5548885043867,691.602511898713
0.00258570265906543,3.41406147125004,-52.2490236216282,85.3713016013103,692.286691978094
0.00275134684154435,3.414595426223,-52.440757327343,85.317672678589,692.48578458313
0.00289187682552649,3.41515531798201,-52.6324631154347,85.2639441325139,692.684877188166
0.00309763811601782,3.41723690796257,-53.291007904587,85.0784152684575,693.369057267547
0.00273097859276538,3.4192634562603,-53.9491702405664,84.8915340936482,694.053237346929
0.00248989470091833,3.41978665356408,-54.140621059876,84.8369040070712,694.252329951964
0.00218566065500789,3.42025356974549,-54.332048094186,84.7821904808964,694.451422557
0.000596956798237041,3.42125246738075,-54.9897200096061,84.5935906056655,695.135602636382
-0.00181594972064766,3.42088245396377,-55.6473326831297,84.4047839129397,695.819782715763
-0.00266965220796735,3.42043676277702,-55.8387202228421,84.349932508435,696.018875320799
-0.00358094356297542,3.4198190551128,-56.0301393794686,84.2951930360499,696.217967925835
-0.0071178855489087,3.41618291029741,-56.6883099347985,84.1083381366092,696.902148005216
-0.0110725782561004,3.4099839518725,-57.3473886262875,83.9247228353229,697.586328084598
-0.0122623700919475,3.40765770180193,-57.53941320702,83.8721430950407,697.785420689634
-0.0134536115251694,3.40510122237847,-57.7315640558971,83.8200330415426,697.984513294669
-0.0174403204428841,3.39451111970863,-58.3930235548706,83.645182127616,698.668693374051
-0.0210482473877517,3.38132296775512,-59.0565082260325,83.4782091869527,699.352873453432
-0.0219869675057422,3.37703445547587,-59.250009189702,83.4313511156303,699.551966058468
-0.022869862047238,3.37256884525904,-59.4437088803051,83.3853309040414,699.751058663504
-0.0253946489499793,3.35601031860582,-60.1109696844999,83.2341436572199,700.435238742885
-0.0270824953109001,3.33801069207223,-60.7807375070186,83.094508926764,701.119418822267
-0.0274074294911822,3.33258434860181,-60.9761085431709,83.0561903927522,701.318511427303
-0.0276615563043224,3.32710035793939,-61.1716821956736,83.0189248873773,701.517604032338
-0.028006043613308,3.30801336974771,-61.845287333884,82.8991574996595,702.20178411172
-0.0275848250324892,3.28895263055985,-62.5210542821737,82.7922589626391,702.885964191101
-0.0273284812524266,3.28348613923332,-62.7180691413959,82.7635726910623,703.085056796137
-0.0270148180248594,3.27807470312109,-62.9152363175293,82.7359465719925,703.284149401173
-0.0255165352114425,3.26006991060085,-63.593862532481,82.6490347493264,703.968329480554
-0.0234159582184838,3.2432962521746,-64.273902219652,82.5739354219166,704.652509559936
-0.0227007655378888,3.23870557212504,-64.4720117105982,82.5541842996843,704.851602164972
-0.0219432387226588,3.23425887699444,-64.6702095437846,82.5353202712065,705.050694770007
-0.0190440014952567,3.22021768698649,-65.3518841367052,82.4769150399809,705.734874849389
-0.0157963757265483,3.20827927758486,-66.0342660739836,82.4273687267643,706.41905492877
-0.0148065898837807,3.20523443619179,-66.2329354700751,82.4144106436258,706.618147533806
-0.0138053453296936,3.20238368076048,-66.4316437586429,82.4020360760973,706.817240138842
-0.0103402021666152,3.1941297858854,-67.114729852202,82.3634214714151,707.501420218223
-0.00698128412985374,3.18821033437701,-67.7980762072497,82.329648396509,708.185600297605
-0.00605085632664463,3.1869158745235,-67.9969580034766,82.3205015154977,708.384692902641
-0.00514701972547848,3.18580164784353,-68.1958515844926,82.3115984802322,708.583785507676
-0.00230639545860906,3.18327567136533,-68.8794047541319,82.2823273151821,709.267965587058
0.000117450500907315,3.18255061771582,-69.563005268443,82.2541672864648,709.952145666439
0.00074343489717144,3.18263700625497,-69.7619304125735,82.2460050087544,710.151238271475
0.00134041806053568,3.18284610495226,-69.9608545671829,82.2378188329147,710.350330876511
0.00319511666359539,3.18441099489883,-70.64443323503,82.2091349029298,711.034510955892
0.00481604009839462,3.18716486052627,-71.3279477848159,82.1789749628191,711.718691035274
0.0052571731495852,3.18816660967748,-71.5268291940512,82.1698047802288,711.91778364031
0.00568818183337392,3.18925782311436,-71.725700709435,82.1604285041104,712.116876245345
0.0071104364634722,3.19363630885708,-72.4090333185522,82.1263885809004,712.801056324727
0.00852907973610465,3.19898663747611,-73.0921911834623,82.0890251309997,713.485236404108
0.00895768084824948,3.20072574616385,-73.290946202708,82.0774331704209,713.684329009144
0.00940081361495342,3.20255446628521,-73.4896795137603,82.0654838332111,713.88342161418
0.0110858498188959,3.20954330200232,-74.1724429108829,82.0214869511005,714.567601693562
0.0131119855203867,3.21780169266385,-74.8548488554769,81.9722864580613,715.251781772943
0.0137825179521229,3.22047678274815,-75.0533438648436,81.9568680468991,715.450874377979
0.0144928834123612,3.22329190476745,-75.2517938940212,81.940897145297,715.649966983014
0.0172647841071083,3.23412294739539,-75.9333886075463,81.8814893120226,716.334147062396
0.0206144118992404,3.24704810394638,-76.6142239677392,81.8139904658123,717.018327141778
0.0217099287577354,3.25125930191436,-76.8121677613619,81.7926255555862,717.217419746813
0.0228673997290975,3.25569868511763,-77.0100126066225,81.7703923941406,717.416512351849
0.0273304394233907,3.27281832718704,-77.6890721361513,81.6868679654985,718.100692431231
0.0327149684197132,3.29330672442069,-78.3664268636352,81.5905924190988,718.784872510612
0.0344867655924282,3.29999194440011,-78.5631351741991,81.5598585124815,718.983965115648
0.0363760074666364,3.30705465999082,-78.7596146195003,81.5277490046886,719.183057720683
0.0438505923163694,3.33437726021425,-79.4329006833238,81.4061790216984,719.867237800065
0.0534670778313509,3.3675465453771,-80.1021632482496,81.2643134990963,720.551417879447
0.0567842534823914,3.37850705092743,-80.2959603609523,81.2186736315621,720.750510484482
0.060388967722795,3.39018130838388,-80.4891860174574,81.1707934951796,720.949603089518
0.0754247931478471,3.43635564011651,-81.1484454881208,80.9878536606235,721.6337831689
0.0954804042601667,3.49453440276702,-81.7971341375559,80.7708336274579,722.317963248281
0.102431642292082,3.51421161416872,-81.9833125799087,80.700233358669,722.517055853317
0.109886751501206,3.53532161668582,-82.1678901364042,80.6258192189321,722.716148458352
0.139876315654214,3.62042981244538,-82.7884854719199,80.3378515668501,723.400328537734
0.175711039120932,3.72805584136938,-83.3780937094916,79.991802515708,724.084508617116
0.187062921205862,3.76417773266278,-83.542013200691,79.8786674432642,724.283601222151
0.198636874733905,3.80249924752864,-83.7014487268375,79.759696666052,724.482693827187
0.239067185412202,3.95241298350327,-84.2093089258214,79.3016704449815,725.166873906569
0.276348559045989,4.12891111264866,-84.6355784829128,78.7681385078007,725.85105398595
0.285823221211026,4.18495555629502,-84.7406202477976,78.5988305865149,726.050146590986
0.29444016640182,4.24270786295549,-84.836038126738,78.4241817298175,726.249239196021
0.315206116467221,4.45214211381307,-85.080044566024,77.7861808236474,726.933419275403
0.320531749924342,4.67050203551346,-85.1835453008472,77.1114359545521,727.617599354785
0.318855150709616,4.73420478940247,-85.1852927101458,76.9122911225711,727.81669195982
0.315882532224064,4.79747821527293,-85.1748181136369,76.7133563288556,728.015784564856
0.296110749044778,5.00745875567803,-85.0446688454875,76.0432709270404,728.699964644238
0.265399135067029,5.20016942874596,-84.7832665557466,75.4118440368186,729.384144723619
0.255133296049169,5.25192960972495,-84.6852899448432,75.2386815841653,729.583237328655
0.244561346154008,5.30172130090399,-84.5786960543083,75.0703832559316,729.78232993369
0.207830768264981,5.45635701256169,-84.1550919377797,74.5343705993112,730.466510013072
0.173259704633927,5.58660114284175,-83.6592274012703,74.063256051406,731.150690092454
0.16412743091075,5.62013177976903,-83.5044598974148,73.9382231289824,731.349782697489
0.15542805460888,5.65192827090342,-83.3455398909677,73.8182167060889,731.548875302525
0.129605450595881,5.74909284368496,-82.774081910079,73.4427141779573,732.233055381907
0.109790919676416,5.83064540716607,-82.1711334681171,73.1195202402315,732.917235461288
0.105096925436902,5.85203389210017,-81.9912198209544,73.0343862109418,733.116328066324
0.10079366196172,5.87250446769501,-81.809477071826,72.9530646511443,733.315420671359
0.0885804130608959,5.93712420124988,-81.1736803052414,72.7007784086298,733.999600750741
0.0792304679763274,5.99436738091843,-80.5236074366867,72.4876321711838,734.683780830123
0.0768360737119834,6.00992025392238,-80.3323472862448,72.4324039480986,734.882873435158
0.0745463114642492,6.0249829939897,-80.1402335959359,72.3801250364674,735.081966040194
0.0670564331985235,6.0734101731395,-79.4747153329056,72.2217937536883,735.766146119576
0.0598070072808458,6.11679518313618,-78.8025815600918,72.0941546028971,736.450326198957
0.057677546598477,6.12849647710142,-78.6060575299272,72.0623371125911,736.649418803993
0.0555529421683599,6.13977227195261,-78.4091657186523,72.0327795887302,736.848511409029
0.0482287375671436,6.17526357144159,-77.7303953124371,71.9473133797215,737.53269148841
0.0411041199095695,6.20581207275058,-77.0491364679597,71.8842971307879,738.216871567792
0.0391125734418806,6.2137926688151,-76.8505856978431,71.869706246977,738.415964172827
0.0371798386444789,6.22139024105105,-76.6519174221533,71.8566731857103,738.615056777863
0.0311655169356195,6.24470086952292,-75.9686090432174,71.8225948323129,739.299236857245
0.0263725742170366,6.26431444047785,-75.2847086233921,71.8031873517351,739.983416936626
0.0252540920798191,6.2694473077025,-75.0856456537759,71.7999348723481,740.182509541662
0.0242575632115766,6.27437051902328,-74.8865650077479,71.7977042344665,740.381602146698
0.0217963196505167,6.29005119685784,-74.2023938139529,71.7971083656946,741.065782226079
0.0206311696275337,6.3044913215673,-73.51828697227,71.806815932986,741.749962305461
0.0204987031180091,6.30858749747132,-73.31924922765,71.8114542524797,741.949054910496
0.0204382292600998,6.31265635549286,-73.120231876851,71.8169184855653,742.148147515532
0.0206207986101569,6.3266856028667,-72.4365120108751,71.8418627995846,742.832327594914
0.0210951700831594,6.34093958315276,-71.7532139674908,71.8764730017285,743.516507674295
0.0212292309738802,6.34515826311579,-71.5544778317527,71.8883811602305,743.715600279331
0.0213526376939352,6.34939606693469,-71.3557939176378,71.9011287837342,743.914692884367
0.0215825225350952,6.36410581149493,-70.6734703842191,71.9514137577464,744.598872963748
0.0214255988030275,6.37884051532387,-69.9919611415427,72.0117380509282,745.28305304313
0.0212911331409307,6.38309495865523,-69.7938200879226,72.0311785538783,745.482145648165
0.0211200110829071,6.38731872455385,-69.5957622222722,72.0514526382885,745.681238253201
0.0202566166465846,6.4014933099887,-68.9158204947238,72.1274304777684,746.365418332583
0.0190415040613369,6.41495685887403,-68.2369913565663,72.2127970542718,747.049598411964
0.0186359032373632,6.4187066004063,-68.0396752171765,72.2393302966976,747.248691017
0.0182116544929254,6.42237573181099,-67.8424573998632,72.2665911400014,747.447783622036
0.0166297885421867,6.43430287450862,-67.1654868599182,72.3656173699813,748.131963701417
0.0149035383784091,6.44509834363333,-66.4896821446381,72.4723286873194,748.816143780799
0.0143830334919452,6.44801302598939,-66.293241543768,72.5047129221955,749.015236385834
0.0138570166131016,6.45082482164539,-66.0968933693649,72.537658293331,749.21432899087
0.0120228399065561,6.45967860760006,-65.4228319145829,72.6548728042735,749.898509070252
0.0101791076338814,6.46727421752605,-64.7497549740029,72.7776276320415,750.582689149633
0.00964672037761832,6.46924722916292,-64.5540631424011,72.8142665477273,750.781781754669
0.00911798108756094,6.47111566373732,-64.3584415844077,72.8512821661202,750.980874359705
0.00734663761351733,6.47674210901995,-63.6866842338523,72.981060793247,751.665054439086
0.00567942080136007,6.4811922570778,-63.015587942628,73.1142225274817,752.349234518468
0.00522009928589358,6.48227649350233,-62.8204070908552,73.153493550613,752.548327123504
0.00477362088921535,6.4832714237129,-62.6252673838074,73.1929700293379,752.747419728539
0.00335400906134012,6.48604054571293,-61.954936694444,73.3299320330412,753.431599807921
0.00213187598557536,6.48790595309401,-61.284924713902,73.4684470972286,754.115779887302
0.00181705009030411,6.48829840689194,-61.0899974794017,73.5089589496094,754.314872492338
0.00152020615557669,6.48863008041722,-60.895085533365,73.549544702807,754.513965097374
0.000639192733897843,6.48935727966194,-60.2253505754015,73.6893925240049,755.198145176755
-3.99509034996912e-05,6.4895507647164,-59.5556800114,73.8295486490745,755.882325256137
-0.000202214982039567,6.48952662878149,-59.3608109946713,73.8703399381867,756.081417861173
-0.000350376257889136,6.48947038381686,-59.16594080315,73.9111256223683,756.280510466208
-0.000775458912674653,6.48908129446035,-58.4962421749812,74.0511475410953,756.96469054559
-0.00113122019823803,6.4884250861693,-57.8264704871632,74.1908194170225,757.648870624971
-0.0012331672279395,6.48819076191496,-57.631551589209,74.2313717393374,757.847963230007
-0.00133760534039389,6.48793446095049,-57.4366227461648,74.2718761379352,758.047055835043
-0.00173365184265066,6.48688864798012,-56.7666646292676,74.4106511373989,758.731235914424
-0.00221447464439907,6.48554286675473,-56.0965411248098,74.5486248874627,759.415415993806
-0.00237543028984789,6.48508658695357,-55.9015020233917,74.5885951197938,759.614508598842
-0.00254706334953573,6.48459608028084,-55.7064435938438,74.6284706353341,759.813601203877
-0.00323782097132992,6.48262838678951,-55.0359657982376,74.7647126710552,760.497781283259
-0.00412603214547977,6.48012054380009,-54.3651850739216,74.8994539393385,761.18196136264
-0.00442930090673804,6.47926993746197,-54.1699246919003,74.9383289432535,761.381053967676
-0.00475629828141953,6.47835446133708,-53.9746292902694,74.9770265962557,761.580146572712
-0.00607043781559813,6.47467250081976,-53.3032066298448,75.1085330665069,762.264326652093
-0.0077661972972696,6.46996088382864,-52.6312389477732,75.2372203867057,762.948506731475
-0.00834760797027965,6.46835897005454,-52.4355801983777,75.2740386063396,763.147599336511
-0.00897775563501036,6.46663244991844,-52.239859272269,75.3105207073715,763.346691941546
-0.0115825293082307,6.45964701368176,-51.5667485904289,75.4330946076937,764.030872020928
-0.0150297558452504,6.45059124845294,-50.8926801894883,75.5502652523785,764.71505210031
-0.0162215387525139,6.44748450898874,-50.6963207839791,75.5831451829854,764.914144705345
-0.0175040211630324,6.44412835179724,-50.4998561095438,75.6153722960298,765.113237310381
-0.0227089948560025,6.43044444667918,-49.8238187879882,75.7206134017626,765.797417389762
-0.029186740969581,6.4127639994788,-49.1462284387699,75.8152385105776,766.481597469144
-0.0313177383271718,6.40674348089908,-48.9487284125595,75.8403882923435,766.68069007418
-0.0335481118949309,6.40029218204373,-48.7510820071527,75.864287469448,766.879782679215
-0.0419308614340589,6.37452084765895,-48.0706546462199,75.9358052505624,767.563962758597
-0.0511777799012041,6.34271857944616,-47.3884902905101,75.9877071514109,768.248142837979
-0.0539842660876414,6.3322466580388,-47.1896858885852,75.9985290750049,768.447235443014
-0.0568233280635304,6.32122229210899,-46.9907946686235,76.0072083001347,768.64632804805
-0.0667126923815282,6.27895436897469,-46.3067441469174,76.0191521814308,769.330508127431
-0.0764708456823098,6.22996522575834,-45.622930534675,75.9998896599083,770.014688206813
-0.0792224336467211,6.2144600464405,-45.4241972543558,75.9877646164924,770.213780811849
-0.0819171462061883,6.19841851836364,-45.2257038954224,75.9725216620059,770.412873416884
-0.09058892106248,6.13935193733713,-44.5460224688908,75.8948085816721,771.097053496266
-0.0983140394001459,6.07467614246709,-43.8725222123441,75.7752454803574,771.781233575648
-0.100377647613862,6.05489513849453,-43.6781496334006,75.7321025118836,771.980326180683
-0.10236886373775,6.03470958640424,-43.4846971931795,75.6851109246333,772.179418785719
-0.108742629045876,5.96245517018565,-42.8280945570084,75.4932592141397,772.8635988651
-0.114497657723799,5.88605161435096,-42.1876094955221,75.2532241478356,773.547778944482
-0.116076382760884,5.86309996918326,-42.0049021050908,75.1741103233783,773.746871549518
-0.11759785394886,5.83984821756863,-41.8240771485077,75.0908329248695,773.945964154553
-0.122344157284244,5.7576885616414,-41.2187016661583,74.7724212850191,774.630144233935
-0.12572443813468,5.67274888220748,-40.6420368785092,74.4046567272847,775.314324313317
-0.126335227666024,5.64764378158839,-40.4803523850596,74.2884773835199,775.513416918352
-0.126723640188489,5.62245905833722,-40.3216066162404,74.1683186774112,775.712509523388
-0.125970616046712,5.53579453951652,-39.8003631172244,73.7254920167787,776.39668960277
-0.121353158860902,5.45096720886632,-39.3189079228808,73.239652297534,777.080869682151
-0.119165282687343,5.42700727772881,-39.1866876905098,73.0908182190171,777.279962287187
-0.116596217637263,5.40352493118868,-39.0579508092302,72.9389177051691,777.479054892222
-0.104640412489589,5.32758681414713,-38.6427552619309,72.3954036393344,778.163234971604
-0.0882073744947754,5.26136023758297,-38.2671063306198,71.8236536877643,778.847415050986
-0.0826534875466023,5.24435225136108,-38.164733859999,71.6529292500926,779.046507656021
-0.07682071832315,5.22845209946068,-38.0651103191319,71.4805284695679,779.245600261057
-0.0549762022619724,5.18327645714484,-37.7418523667961,70.8776558854891,779.929780340439
-0.0315666855623333,5.15358176869231,-37.4413233748849,70.2629899673513,780.61396041982
-0.0246905825799065,5.14800225270077,-37.356852474301,70.0827269641205,780.813053024856
-0.0178639255004892,5.14374910037375,-37.2732678910244,69.9020289900121,781.012145629891
0.00459059362529911,5.13936050319179,-36.9893212451714,69.2795522153617,781.696325709273
0.024377789618511,5.14942237601148,-36.7036139181481,68.6578918867479,782.380505788655
0.0294262312762107,5.15480287035223,-36.6188555474247,68.477738209997,782.57959839369
0.0341293817195839,5.16113636903859,-36.5331056736145,68.2980679607155,782.778690998726
0.0472166990414239,5.18923539813359,-36.2280260470739,67.6856756496769,783.462871078108
0.0555448290039051,5.22466043844008,-35.9036795313415,67.0833263686149,784.147051157489
0.0570751878743723,5.23587794460075,-35.8050850647368,66.9103514726512,784.346143762525
0.0582572441442582,5.24738057483445,-35.704592903344,66.7384833732403,784.54523636756
0.0598974975528724,5.28795984492036,-35.3439360504837,66.1571353492223,785.229416446942
0.0587365619665451,5.32870308485911,-34.9599494980913,65.5909276681792,785.913596526324
0.0580511589064699,5.34031502832804,-34.843904203677,65.4291531307516,786.112689131359
0.0572628902218529,5.35180376905068,-34.7260172731534,65.268712159459,786.311781736395
0.0542088723828262,5.38993828382019,-34.3072897220862,64.727691180256,786.995961815777
0.0511349461767952,5.42597648996811,-33.8687810684877,64.2025522665472,787.680141895158
0.0503334052475088,5.43606769160967,-33.7377067362764,64.0526993389174,787.879234500194
0.0495692414816837,5.44600945901547,-33.6051330418706,63.9041650613387,788.07832710523
0.0473516618500859,5.47913658208692,-33.1386443290048,63.4037225579247,788.762507184611
0.0456348731132748,5.51091779692707,-32.6561570279414,62.9186719918816,789.446687263993
0.045204569943974,5.51996229217865,-32.5129176080705,62.7803990058836,789.645779869028
0.0447841761751006,5.52891537866263,-32.3684373233228,62.6434188487572,789.844872474064
0.0433004240776686,5.55906832874848,-31.8627971154009,62.182559941376,790.529052553446
0.0414643842156254,5.58808561107114,-31.3437407535017,61.7368538396,791.213232632827
0.0408091319370111,5.59628158571299,-31.1903163661025,61.609975552877,791.412325237863
0.0400903055999151,5.60433647530869,-31.0358704266933,61.4843369586113,791.611417842899
0.0369997146866496,5.63076200965426,-30.4976800587995,61.0619402512957,792.29559792228
0.0329654030029344,5.65475018578763,-29.9490038071858,60.6532332753135,792.979778001662
0.0316174294855385,5.66118016990852,-29.7875672786299,60.5367211686033,793.178870606697
0.0302099164350126,5.66734042632117,-29.6254028348361,60.421216002797,793.377963211733
0.0249926253822516,5.68624262103974,-29.0630995845455,60.0314777126424,794.062143291115
0.0194604172869037,5.70146751916807,-28.4942164604869,59.6513823931871,794.746323370496
0.0178429595413198,5.70517624452056,-28.327665434181,59.5423058745135,794.945415975532
0.0162369295158214,5.70857101687189,-28.160724584093,59.4338207060067,795.144508580568
0.0109205177036645,5.71783454804711,-27.5846033716627,59.0647947937655,795.828688659949
0.00607347393319999,5.72362126229866,-27.0057164975865,58.7001114694298,796.512868739331
0.0047803559354965,5.72469815670088,-26.8369318730677,58.5945213595268,796.711961344366
0.00354183768602871,5.72552633808918,-26.668040365643,58.4891005643821,796.911053949402
-0.000238881811122485,5.72661170521089,-26.0872498471718,58.127458971828,797.595234028784
-0.00323838269087215,5.72537762647474,-25.5064862538416,57.7657742159249,798.279414108165
-0.00395608852873894,5.72465951062447,-25.3376126965109,57.6603246452141,798.478506713201
-0.00460663145812827,5.72380420775896,-25.168815668323,57.5547530114086,798.677599318237
-0.00632155505736256,5.72002567228732,-24.589574519418,57.1906349472384,799.361779397618
-0.00733294961776714,5.71531449052824,-24.011884974161,56.8240618616452,800.045959477
-0.00751447318793665,5.7138374234711,-23.8441223484051,56.716853546891,800.245052082035
-0.00765536501363189,5.71232502423514,-23.6765159682888,56.6094014596414,800.444144687071
-0.00791716103522082,5.7069841565627,-23.1018088825509,56.2381695981081,801.128324766453
-0.00793934262679546,5.70154614297728,-22.5291109607395,55.8638458660507,801.812504845834
-0.00792049149914783,5.69996897979935,-22.3628440232408,55.7543325317849,802.01159745087
-0.00788897437412592,5.69839519292154,-22.1967479949943,55.6445601276804,802.210690055906
-0.00769831269218338,5.69305511517115,-21.6272763251995,55.2653462349879,802.894870135287
-0.00737045731912905,5.68789241694068,-21.0598037168856,54.8831469563255,803.579050214669
-0.00724747773336595,5.68643688307614,-20.895040396293,54.7713842949077,803.778142819704
-0.00711175044582714,5.6850067273313,-20.7304371753512,54.6593857769016,803.97723542474
-0.00654562389277499,5.6803276188936,-20.1659737254475,54.2727563506938,804.661415504122
-0.00585572802770618,5.67607818321476,-19.6032415508462,53.8836106225204,805.345595583503
-0.00563748786548959,5.67493447597582,-19.4397925134395,53.7699345698706,805.544688188539
-0.00541547116447029,5.67383300899832,-19.2764707082571,53.6560755544703,805.743780793575
-0.00463868874053179,5.67039617020204,-18.7161211167654,53.2635070135526,806.427960872956
-0.00390731830269228,5.66747525547812,-18.1570219747029,52.8691589627679,807.112140952338
-0.00371557625907229,5.66671773788217,-17.9945338024734,52.7541136074561,807.311233557373
-0.00353760623638831,5.66599530849708,-17.8321321857571,52.6389459616547,807.510326162409
-0.00306146823129655,5.66375209211713,-17.2746304528039,52.2423429588067,808.194506241791
-0.00283546203305714,5.66174907227556,-16.7179719157976,51.8445571415182,808.878686321172
-0.00282424654827471,5.66118677391605,-16.5561324297125,51.7286009527565,809.077778926208
-0.00283670612103257,5.66062495147978,-16.3943603864379,51.6125506906161,809.276871531244
-0.00306446563429565,5.65861826243352,-15.8389336462937,51.2130467281371,809.961051610625
-0.00350345083089095,5.65638348666298,-15.2843554846307,50.8123658184852,810.645231690007
-0.00365672752587029,5.65566960641053,-15.1231491603436,50.6955309248961,810.844324295042
-0.00381440563424675,5.65492716837329,-14.9620285062808,50.5785780089743,811.043416900078
-0.00433534043590634,5.65213298440145,-14.4090426509358,50.1757023099561,811.72759697946
-0.00474688271784262,5.64901980930707,-13.8572493441785,49.7711951559286,812.411777058841
-0.00483163247973686,5.64806471052146,-13.6969237225076,49.6531546033338,812.610869663877
-0.00490064995571276,5.6470947728622,-13.5367106561661,49.5349613983626,812.809962268913
-0.00501974805509358,5.64369353533051,-12.9870305777846,49.1275871777761,813.494142348294
-0.00500610597110857,5.64025622234632,-12.4387466557362,48.718335853408,814.178322427676
-0.00498662999150725,5.6392622343854,-12.2794643602835,48.5988912459157,814.377415032712
-0.00496324097814805,5.6382721432696,-12.1202995590444,48.4792901042364,814.576507637747
-0.00485485020787323,5.63490953799836,-11.5742315987578,48.0670866537067,815.260687717129
-0.0046774588715647,5.6316446959393,-11.0295325023434,47.6530759082627,815.94486779651
-0.0046080694808497,5.63071978029828,-10.8712802770191,47.5322699033072,816.143960401546
-0.00452818374614985,5.62980999083448,-10.7131378904646,47.4113200745167,816.343053006582
-0.00416551582489922,5.62682856458653,-10.1705048817672,46.9946051195344,817.027233085963
-0.00367308879158754,5.62413965780552,-9.6290553581807,46.5763532718963,817.711413165345
-0.00350669698218031,5.62342488131968,-9.4717019617002,46.4543788480019,817.910505770381
-0.0033322783038242,5.62274353705206,-9.31443267420538,46.3322958881175,818.109598375416
-0.00267399919750063,5.62068503697149,-8.77457010907687,45.9119977535052,818.793778454798
-0.00194885398037771,5.61909979257264,-8.23547401383398,45.4907166355467,819.477958534179
-0.00172985789482203,5.61873395209282,-8.0787157062629,45.3679783534315,819.677051139215
-0.00150910185235535,5.61841099429481,-7.92199954946741,45.2451861863131,819.876143744251
-0.000760674695827641,5.61763725214059,-7.38369229351271,44.8228976340709,820.560323823632
-6.00559214772446e-05,5.61735921416636,-6.84560714257514,44.4003260130874,821.244503903014
0.000128827866204561,5.61736672582168,-6.68903905579106,44.2773451334747,821.44359650805
0.000310425140022931,5.6174103039033,-6.53246864881746,44.1543672066154,821.642689113085
0.000874163145260077,5.61782178815494,-5.99432852879788,43.7318656000687,822.326869192467
0.00132830898372764,5.61858148033108,-5.45594112570051,43.3096792231418,823.011049271848
0.00143684481303295,5.61885719702902,-5.29920586334172,43.1869114493624,823.210141876884
0.00153325837974273,5.61915244284046,-5.14243726870165,43.0641862627546,823.40923448192
0.00175274178643747,5.62028860664132,-4.60339973314658,42.6428302653666,824.093414561301
0.00176077430857286,5.6215026013753,-4.06386745966829,42.2221079833248,824.777594640683
0.00171622061890975,5.62184973447548,-3.90676903974607,42.0998052736143,824.976687245719
0.0016500083499465,5.62218572107508,-3.74963117163543,41.9775532372868,825.175779850754
0.0012495157168252,5.62319119965716,-3.20933031839775,41.5578184482985,825.859959930136
0.000610835283851752,5.6238411874838,-2.66868216886153,41.1385309868521,826.544140009517
0.000385831148320396,5.62394018024645,-2.51131276988518,41.016577168886,826.743232614553
0.000147008343626246,5.62399454529748,-2.35393546509327,40.894633549885,826.942325219589
-0.000744595502535574,5.62379252568914,-1.81311973771363,40.4755622436703,827.62650529897
-0.0016784514978878,5.62296603445116,-1.27251964939007,40.0562129203595,828.310685378352
-0.00194544240204223,5.62260408508243,-1.11528610396887,39.9340839566276,828.509777983388
-0.00220833251939684,5.62219059741303,-0.958099856284805,39.8118942195185,828.708870588423
-0.00307057930033764,5.62038078476937,-0.418380894036655,39.3914113678856,829.393050667805
-0.00386355502510539,5.61800473699303,0.120456632983509,38.9698000108595,830.077230747187
-0.00408026443834465,5.61721375923518,0.277055257182252,38.8468579368214,830.276323352222
-0.00429019086154938,5.61638103180841,0.433554986685645,38.7237901609685,830.475415957258
-0.00495419295538198,5.61321142165626,0.970528277004907,38.2998068662038,831.159596036639
-0.0054919383718189,5.60963070565063,1.50606725243084,37.8740138160651,831.843776116021
-0.00561769367675984,5.60852390765485,1.66161077200535,37.7497395366296,832.042868721057
-0.00572821051746121,5.60739360272087,1.81701695337199,37.6252936638383,832.241961326092
-0.00594703752677834,5.60338708655141,2.34996637495603,37.196263706769,832.926141405474
-0.00594609603395804,5.59930603391696,2.88117648818592,36.7650821770487,833.610321484856
-0.00591010053990111,5.59812603800631,3.03542313064979,36.63920192249,833.809414089891
-0.00586932841956572,5.59694942763148,3.18952098600694,36.5131395909957,834.008506694927
-0.00574979291617995,5.59298983360898,3.7179683843117,36.0785764528935,834.692686774308
-0.00589670755149386,5.58902087345816,4.24468890178539,35.6419218311871,835.37686685369
-0.00603356885695825,5.58783801899776,4.39763550325514,35.5144651772899,835.575959458726
-0.00623030381008617,5.58661391369983,4.55042084425962,35.3868156154574,835.775052063761
-0.0074614205349364,5.58199393976964,5.0742482281355,34.9466938752506,836.459232143143
-0.0098120424256464,5.57614868873429,5.5957643556031,34.5038381399295,837.143412222525
-0.0107551141560142,5.57410773203291,5.74700885900205,34.3743659146873,837.34250482756
-0.0118291994658001,5.57185824532613,5.89795642877927,34.2445504730367,837.541597432596
-0.0166817767956957,5.56222014197632,6.41421268933254,33.7955700337505,838.225777511978
-0.0235551843936613,5.54857069597712,6.92519835165755,33.340616147258,838.909957591359
-0.0259764898821606,5.54364698083741,7.07263218928258,33.20681840747,839.109050196395
-0.0285865832792291,5.53822098117167,7.21934068492821,33.072239655545,839.30814280143
-0.0390738774716074,5.51520165282665,7.71722965686353,32.6029718123296,839.992322880812
-0.0517823651049554,5.48424727855621,8.20224100506176,32.1204752728952,840.676502960194
-0.0558732541293371,5.47353124827352,8.34036441821599,31.9770773901576,840.875595565229
-0.0601145042177818,5.46199711194874,8.47684562972757,31.8321559383489,841.074688170265
-0.0757238543822873,5.41558732773457,8.93172526993618,31.32111012844,841.758868249647
-0.0923709185517621,5.3581429454606,9.35939122978596,30.7872502202691,842.443048329028
-0.0973039779768528,5.33925241042928,9.47772998772498,30.6271193696191,842.642140934064
-0.102233123588676,5.31940069592294,9.59292159401777,30.4647779206852,842.841233539099
-0.118834302177166,5.24370566877606,9.96210841113264,29.8888602128706,843.525413618481
-0.134206634248398,5.15707282209853,10.2833194696497,29.2850996371258,844.209593697863
-0.138316548848716,5.1299292279051,10.3665272368772,29.1041962762383,844.408686302898
-0.142236415162345,5.10200164375194,10.4447510980242,28.9211499264346,844.607778907934
-0.153915827423993,5.00051844427555,10.6724519431333,28.2762190449897,845.291958987316
-0.162570298257894,4.89207922592393,10.8313566611424,27.6111586108495,845.976139066697
-0.164473536953026,4.85951429585395,10.8637164375561,27.4146925592488,846.175231671733
-0.166116091254003,4.82659676880401,10.889703123545,27.2173178875425,846.374324276768
-0.169891073655138,4.71150170319619,10.9284785610971,26.5346009253466,847.05850435615
-0.171028834093221,4.5947260371955,10.8881110212282,25.8520206889047,847.742684435532
-0.170913240418829,4.56068810988364,10.8613357222698,25.6547371677011,847.941777040567
-0.170597917536375,4.52669023358154,10.8279450679109,25.4584610228238,848.140869645603
-0.168010355321479,4.4107176993561,10.6627802020639,24.7949392236607,848.825049724985
-0.163002084383283,4.29734362399547,10.4228350952283,24.1545801516754,849.509229804366
-0.161072955685296,4.26507805360325,10.339590946877,23.9737458249167,849.708322409402
-0.158926348163461,4.2332161375699,10.2506411158182,23.7956050634592,849.907415014437
-0.149757927472404,4.12747085047851,9.90337636334729,23.2065500931187,850.591595093819
-0.138002977445523,4.02888324010648,9.49779559398855,22.6558136623615,851.275775173201
-0.134132017033139,4.00179310855271,9.36996841833795,22.5032185939595,851.474867778236
-0.130100029153607,3.97547404988917,9.23810882899738,22.3540151146327,851.673960383272
-0.115248629580156,3.89149952208257,8.75723342212726,21.8677148204639,852.358140462654
-0.0996396153917639,3.81794519842876,8.23946204589674,21.4206155066332,853.042320542035
-0.0951025511022714,3.79857294253374,8.08300514364924,21.2975460141983,853.241413147071
-0.090610428431377,3.78007939607934,7.92420766378765,21.1774291250696,853.440505752107
-0.0758948627521124,3.72320995669805,7.36323952368211,20.7859813651175,854.124685831488
-0.0627641831189189,3.67586644048095,6.78255327742915,20.4242149838086,854.80886591087
-0.0593286511454051,3.66372350946932,6.61061039346929,20.323885680442,855.007958515905
-0.0560601471899209,3.6522465400357,6.4374596916823,20.2256034053394,855.207051120941
-0.0462133324597227,3.61736059381976,5.8347019588647,19.9020071007452,855.891231200323
-0.0381343417237724,3.58860688710723,5.22191528056331,19.5977295593081,856.575411279704
-0.0360443870977867,3.58121807734253,5.04207861512045,19.5123264596435,856.77450388474
-0.0340253910897133,3.57425416641629,4.86161900811962,19.4282226239331,856.973596489776
-0.0273197622015252,3.55325364045497,4.23741538076962,19.1481432829343,857.657776569157
-0.0203517456022865,3.53693073242116,3.60807582172081,18.8797525889027,858.341956648539
-0.0181578244535127,3.53308523344659,3.42419226025411,18.8034411845038,858.541049253574
-0.0158737573952723,3.52969534692084,3.24003466129858,18.7277810654756,858.74014185861
-0.00712393483505293,3.52174920027755,2.60558084797461,18.4717263188335,859.424321937992
0.00300912347495422,3.52026269910063,1.96992000662994,18.2186641196584,860.108502017373
0.00621534769971983,3.52117924288579,1.78495772232727,18.1449990322748,860.307594622409
0.00951424813852625,3.52273790906169,1.6000958412941,18.0710910116433,860.506687227445
0.0214443706404501,3.53329546102136,0.966179862938996,17.8136772431216,861.190867306826
0.0339547468187438,3.55221386414462,0.336152149213399,17.546960270294,861.875047386208
0.0376404830417967,3.55934643109623,0.153882444599904,17.4668501134584,862.074139991243
0.0413377720952391,3.56721106569966,-0.0277638371145526,17.3853775703269,862.273232596279
0.0540077442181192,3.59982252136666,-0.646422908050242,17.0932162841584,862.957412675661
0.0667706005357354,3.64113429432431,-1.25379938568272,16.7784294569936,863.641592755042
0.0705298123856684,3.65479914045484,-1.42792393852836,16.6818732198647,863.840685360078
0.0743327036086143,3.66922138821625,-1.60064256820309,16.5828929497835,864.039777965114
0.087980114375777,3.72468603847228,-2.18225203448248,16.2226436721535,864.723958044495
0.102696508454471,3.78985366385381,-2.74098649053619,15.8280775868648,865.408138123877
0.107212055218437,3.81074456169888,-2.8984551133938,15.7062194450111,865.607230728913
0.111797987677935,3.83252592402147,-3.05324726292831,15.5810717059645,865.806323333948
0.128027928521186,3.91458990808629,-3.562503752897,15.1243365230594,866.49050341333
0.143873288625409,4.00762653312532,-4.02975202060469,14.6250081244474,867.174683492711
0.148202833925555,4.03672298943071,-4.15653868863187,14.4714649082628,867.373776097747
0.152312084077264,4.06662368850376,-4.27875919236594,14.3143430676278,867.572868702783
0.163942984016668,4.17509688727948,-4.66038523771099,13.7468189367909,868.257048782164
0.170566606118207,4.28981477622472,-4.97643254370828,13.1405028843889,868.941228861546
0.171337671044674,4.32387860207745,-5.05493388787718,12.9575197627104,869.140321466582
0.171603246143292,4.35804378833464,-5.12725715682779,12.7720177941775,869.339414071617
0.168411496185611,4.4746634453898,-5.3264696435102,12.1179305298747,870.023594150999
0.159887810401658,4.5872753685671,-5.4496735361635,11.4452644911262,870.70777423038
0.156598761616094,4.61876873223906,-5.47132440909469,11.2473766729628,870.906866835416
0.153072070908989,4.64962168415285,-5.48687641754971,11.0488656295312,871.105959440452
0.139956274946274,4.74987199245089,-5.49498348724359,10.3650956930636,871.790139519833
0.126696133935318,4.84109935542272,-5.43772351933289,9.68348178979942,872.474319599215
0.123073213196051,4.86593701045237,-5.40969750271819,9.48640810183667,872.673412204251
0.119580861902002,4.89008993570517,-5.37684452089606,9.29003024952941,872.872504809286
0.109030062444009,4.96816479795073,-5.22939190293328,8.62214931272746,873.556684888668
0.100770904178003,5.0398049610119,-5.03239433120442,7.96705439198057,874.240864968049
0.0988063136786105,5.05966808680844,-4.9665113802049,7.77920055037668,874.439957573085
0.0969941377209876,5.07914619713551,-4.89691904749061,7.59266201223494,874.639050178121
0.0918723198116297,5.14369312425846,-4.63097980402767,6.96242970008419,875.323230257502
0.087845070408991,5.2051102465815,-4.32589348523961,6.35013870616111,876.007410336884
0.0867626067891808,5.22250182037531,-4.23020310230856,6.17556104683782,876.20650294192
0.0856691953446534,5.23964897819514,-4.13151611749005,6.00264233186624,876.405595546955
0.0813619381397059,5.29689982234705,-3.77035683975434,5.42168214924727,877.089775626337
0.0751050702051333,5.35053678451068,-3.37754006187293,4.86158552094208,877.773955705718
0.0727119182741892,5.36527468767166,-3.25774807695727,4.70257584217969,877.973048310754
0.0700355169183421,5.37950551058207,-3.1356874196778,4.54527288925876,878.17214091579
0.0582387490854028,5.42356638416066,-2.70028357069081,4.01763050032167,878.856320995171
0.0432932518088433,5.45847899520651,-2.24433742632021,3.50752382905935,879.540501074553
0.0385176974905827,5.46661097642843,-2.10858190545168,3.36191135458828,879.739593679589
0.0336917358853531,5.47383528164978,-1.97169962536209,3.21733178901788,879.938686284624
0.0177297434370199,5.49124752360479,-1.49495408559549,2.72662997089145,880.622866364006
0.00489910110062766,5.49881009198348,-1.01209858193169,2.24189960373293,881.307046443388
0.00216070623669184,5.49946794815395,-0.871142992577301,2.10130100547447,881.506139048423
-0.000107166558166922,5.49962970431194,-0.730080088113448,1.96080506512995,881.705231653459
-0.00340751096130587,5.49813892276339,-0.245739962075689,1.47756905613064,882.38941173284
-0.00164874209689661,5.49612078357761,0.237751451651368,0.99348418526407,883.073591812222
-0.000543872713389904,5.49593096797744,0.378248547908088,0.852422337008032,883.272684417258
